{
  "playlists": [
    {
      "name": "You need rest",
      "lastModifiedDate": "2021-01-06",
      "items": [
        {
          "track": {
            "trackName": "Taking A Walk",
            "artistName": "Trippie Redd",
            "albumName": "LIFE'S A TRIP"
          },
          "episode": null,
          "localTrack": null
        },
        {
          "track": {
            "trackName": "Real Shit (with benny blanco)",
            "artistName": "Juice WRLD",
            "albumName": "Real Shit (with benny blanco)"
          },
          "episode": null,
          "localTrack": null
        }
      ],
      "description": null,
      "numberOfFollowers": 0
    },
    {
      "name": "Taking A Walk – Trippie Redd 2",
      "lastModifiedDate": "2021-01-05",
      "items": [
        {
          "track": {
            "trackName": "Taking A Walk",
            "artistName": "Trippie Redd",
            "albumName": "LIFE'S A TRIP"
          },
          "episode": null,
          "localTrack": null
        }
      ],
      "description": null,
      "numberOfFollowers": 0
    },
    {
      "name": "Taking A Walk – Trippie Redd",
      "lastModifiedDate": "2021-01-05",
      "items": [
        {
          "track": {
            "trackName": "Taking A Walk",
            "artistName": "Trippie Redd",
            "albumName": "LIFE'S A TRIP"
          },
          "episode": null,
          "localTrack": null
        }
      ],
      "description": null,
      "numberOfFollowers": 0
    },
    {
      "name": "Pr uniquement",
      "lastModifiedDate": "2021-02-13",
      "items": [
        {
          "track": {
            "trackName": "Dos argenté",
            "artistName": "Bosh",
            "albumName": "Dos argenté"
          },
          "episode": null,
          "localTrack": null
        },
        {
          "track": {
            "trackName": "Diamant Brut 5",
            "artistName": "La Peee",
            "albumName": "Diamant Brut 5"
          },
          "episode": null,
          "localTrack": null
        },
        {
          "track": {
            "trackName": "IRM",
            "artistName": "Kaaris",
            "albumName": "2.7.0"
          },
          "episode": null,
          "localTrack": null
        },
        {
          "track": {
            "trackName": "Make It Rain (feat. Rowdy Rebel)",
            "artistName": "Pop Smoke",
            "albumName": "Shoot For The Stars Aim For The Moon"
          },
          "episode": null,
          "localTrack": null
        },
        {
          "track": {
            "trackName": "Shotta Flow (Feat. Blueface) [Remix]",
            "artistName": "NLE Choppa",
            "albumName": "Shotta Flow (Feat. Blueface) [Remix]"
          },
          "episode": null,
          "localTrack": null
        },
        {
          "track": {
            "trackName": "GUMMO",
            "artistName": "6ix9ine",
            "albumName": "Day69: Graduation Day"
          },
          "episode": null,
          "localTrack": null
        },
        {
          "track": {
            "trackName": "Look At Me!",
            "artistName": "XXXTENTACION",
            "albumName": "Look At Me!"
          },
          "episode": null,
          "localTrack": null
        },
        {
          "track": {
            "trackName": "Deux Deux",
            "artistName": "Kaaris",
            "albumName": "2.7.0"
          },
          "episode": null,
          "localTrack": null
        },
        {
          "track": {
            "trackName": "I Don't Like",
            "artistName": "Chief Keef",
            "albumName": "Finally Rich"
          },
          "episode": null,
          "localTrack": null
        },
        {
          "track": {
            "trackName": "Fichu",
            "artistName": "Django",
            "albumName": "Fichu"
          },
          "episode": null,
          "localTrack": null
        },
        {
          "track": {
            "trackName": "John Lennon",
            "artistName": "SCH",
            "albumName": "A7"
          },
          "episode": null,
          "localTrack": null
        },
        {
          "track": {
            "trackName": "Décepticone (feat. Tigers, Toussaint & Yanoh)",
            "artistName": "Bosh",
            "albumName": "Dos argenté"
          },
          "episode": null,
          "localTrack": null
        }
      ],
      "description": null,
      "numberOfFollowers": 0
    },
    {
      "name": "Us period",
      "lastModifiedDate": "2021-03-04",
      "items": [
        {
          "track": {
            "trackName": "Moonwalking in Calabasas (feat. Blueface) - Remix",
            "artistName": "DDG",
            "albumName": "Moonwalking in Calabasas (feat. Blueface)"
          },
          "episode": null,
          "localTrack": null
        },
        {
          "track": {
            "trackName": "Christopher Walking",
            "artistName": "Pop Smoke",
            "albumName": "Meet The Woo 2"
          },
          "episode": null,
          "localTrack": null
        },
        {
          "track": {
            "trackName": "Window Shopper",
            "artistName": "50 Cent",
            "albumName": "Window Shopper"
          },
          "episode": null,
          "localTrack": null
        },
        {
          "track": {
            "trackName": "The Woo (feat. 50 Cent & Roddy Ricch)",
            "artistName": "Pop Smoke",
            "albumName": "Shoot For The Stars Aim For The Moon"
          },
          "episode": null,
          "localTrack": null
        },
        {
          "track": {
            "trackName": "Make It Rain (feat. Rowdy Rebel)",
            "artistName": "Pop Smoke",
            "albumName": "Shoot For The Stars Aim For The Moon"
          },
          "episode": null,
          "localTrack": null
        },
        {
          "track": {
            "trackName": "Got It On Me",
            "artistName": "Pop Smoke",
            "albumName": "Shoot For The Stars Aim For The Moon"
          },
          "episode": null,
          "localTrack": null
        },
        {
          "track": {
            "trackName": "No Suburban, Pt. 2",
            "artistName": "Sheff G",
            "albumName": "One and Only"
          },
          "episode": null,
          "localTrack": null
        },
        {
          "track": {
            "trackName": "Robbery",
            "artistName": "Juice WRLD",
            "albumName": "Robbery"
          },
          "episode": null,
          "localTrack": null
        },
        {
          "track": {
            "trackName": "Murder On My Mind",
            "artistName": "YNW Melly",
            "albumName": "I AM YOU"
          },
          "episode": null,
          "localTrack": null
        },
        {
          "track": {
            "trackName": "Roses (with Juice WRLD feat. Brendon Urie)",
            "artistName": "benny blanco",
            "albumName": "FRIENDS KEEP SECRETS"
          },
          "episode": null,
          "localTrack": null
        },
        {
          "track": {
            "trackName": "GATTI",
            "artistName": "JACKBOYS",
            "albumName": "JACKBOYS"
          },
          "episode": null,
          "localTrack": null
        },
        {
          "track": {
            "trackName": "Onna Come Up",
            "artistName": "Lil Eazzyy",
            "albumName": "Underrated"
          },
          "episode": null,
          "localTrack": null
        },
        {
          "track": {
            "trackName": "Shoota (feat. Lil Uzi Vert)",
            "artistName": "Playboi Carti",
            "albumName": "Die Lit"
          },
          "episode": null,
          "localTrack": null
        },
        {
          "track": {
            "trackName": "Lemonade (feat. Gunna, Don Toliver & NAV)",
            "artistName": "Internet Money",
            "albumName": "B4 The Storm"
          },
          "episode": null,
          "localTrack": null
        },
        {
          "track": {
            "trackName": "PRACTICE",
            "artistName": "DaBaby",
            "albumName": "BLAME IT ON BABY"
          },
          "episode": null,
          "localTrack": null
        },
        {
          "track": {
            "trackName": "The Box",
            "artistName": "Roddy Ricch",
            "albumName": "Please Excuse Me For Being Antisocial"
          },
          "episode": null,
          "localTrack": null
        }
      ],
      "description": null,
      "numberOfFollowers": 0
    },
    {
      "name": "Thinking about my life",
      "lastModifiedDate": "2020-12-02",
      "items": [
        {
          "track": {
            "trackName": "Dans l'univers",
            "artistName": "Nekfeu",
            "albumName": "Les étoiles vagabondes : expansion"
          },
          "episode": null,
          "localTrack": null
        },
        {
          "track": {
            "trackName": "Comme une étoile",
            "artistName": "Booba",
            "albumName": "Lunatic"
          },
          "episode": null,
          "localTrack": null
        },
        {
          "track": {
            "trackName": "Or Noir",
            "artistName": "Kaaris",
            "albumName": "Or Noir"
          },
          "episode": null,
          "localTrack": null
        },
        {
          "track": {
            "trackName": "Lamine",
            "artistName": "Guizmo",
            "albumName": "Lamine"
          },
          "episode": null,
          "localTrack": null
        },
        {
          "track": {
            "trackName": "Testament",
            "artistName": "Rohff",
            "albumName": "Le Code De L'horreur"
          },
          "episode": null,
          "localTrack": null
        },
        {
          "track": {
            "trackName": "Qui peut me stopper ?",
            "artistName": "La Fouine",
            "albumName": "Aller Retour"
          },
          "episode": null,
          "localTrack": null
        },
        {
          "track": {
            "trackName": "The Last Cherry Blossom",
            "artistName": "RudeManners",
            "albumName": "The Last Cherry Blossom"
          },
          "episode": null,
          "localTrack": null
        }
      ],
      "description": null,
      "numberOfFollowers": 0
    },
    {
      "name": "How To Dance?",
      "lastModifiedDate": "2021-02-05",
      "items": [
        {
          "track": {
            "trackName": "Combien",
            "artistName": "Kaza",
            "albumName": "Combien"
          },
          "episode": null,
          "localTrack": null
        },
        {
          "track": {
            "trackName": "Havana",
            "artistName": "Hayce Lemsi",
            "albumName": "Eurêka"
          },
          "episode": null,
          "localTrack": null
        },
        {
          "track": {
            "trackName": "MMM",
            "artistName": "Naza",
            "albumName": "Incroyable"
          },
          "episode": null,
          "localTrack": null
        },
        {
          "track": {
            "trackName": "Mon kiki",
            "artistName": "Naza",
            "albumName": "C'est la loi"
          },
          "episode": null,
          "localTrack": null
        },
        {
          "track": {
            "trackName": "Tout est bon",
            "artistName": "DJ Babs",
            "albumName": "L'architecte"
          },
          "episode": null,
          "localTrack": null
        },
        {
          "track": {
            "trackName": "Pirelli",
            "artistName": "Mister V",
            "albumName": "MVP"
          },
          "episode": null,
          "localTrack": null
        },
        {
          "track": {
            "trackName": "C'est pas des LOL",
            "artistName": "Jul",
            "albumName": "C'est pas des LOL"
          },
          "episode": null,
          "localTrack": null
        },
        {
          "track": {
            "trackName": "L'odeur du charbon",
            "artistName": "Dosseh",
            "albumName": "Summer Crack 4"
          },
          "episode": null,
          "localTrack": null
        },
        {
          "track": {
            "trackName": "7.65",
            "artistName": "Zola",
            "albumName": "Cicatrices"
          },
          "episode": null,
          "localTrack": null
        },
        {
          "track": {
            "trackName": "HP",
            "artistName": "Maluma",
            "albumName": "11:11"
          },
          "episode": null,
          "localTrack": null
        },
        {
          "track": {
            "trackName": "Contando Lunares (feat. Cruz Cafuné)",
            "artistName": "Don Patricio",
            "albumName": "La Dura Vida del Joven Rapero"
          },
          "episode": null,
          "localTrack": null
        },
        {
          "track": {
            "trackName": "Bling Bling",
            "artistName": "Kaaris",
            "albumName": "Dozo"
          },
          "episode": null,
          "localTrack": null
        },
        {
          "track": {
            "trackName": "Lotto",
            "artistName": "EXO",
            "albumName": "LOTTO - The 3rd Album Repackage"
          },
          "episode": null,
          "localTrack": null
        },
        {
          "track": {
            "trackName": "Madre mia (feat. Ninho)",
            "artistName": "Sadek",
            "albumName": "#VVRDL"
          },
          "episode": null,
          "localTrack": null
        },
        {
          "track": {
            "trackName": "Hola Señorita",
            "artistName": "GIMS",
            "albumName": "Ceinture noire (Transcendance)"
          },
          "episode": null,
          "localTrack": null
        },
        {
          "track": {
            "trackName": "Carrément gang - Bonus Track",
            "artistName": "Bolémvn",
            "albumName": "Quel vie"
          },
          "episode": null,
          "localTrack": null
        },
        {
          "track": {
            "trackName": "Mobali",
            "artistName": "Siboy",
            "albumName": "Special"
          },
          "episode": null,
          "localTrack": null
        },
        {
          "track": {
            "trackName": "Me Gusta",
            "artistName": "DTF",
            "albumName": "On ira où ?"
          },
          "episode": null,
          "localTrack": null
        },
        {
          "track": {
            "trackName": "Ne reviens pas",
            "artistName": "Gradur",
            "albumName": "Ne reviens pas"
          },
          "episode": null,
          "localTrack": null
        },
        {
          "track": {
            "trackName": "PMW",
            "artistName": "Shay",
            "albumName": "Jolie garce"
          },
          "episode": null,
          "localTrack": null
        },
        {
          "track": {
            "trackName": "En bas (feat. Siboy)",
            "artistName": "4Keus",
            "albumName": "En bas (feat. Siboy)"
          },
          "episode": null,
          "localTrack": null
        },
        {
          "track": {
            "trackName": "Djomb",
            "artistName": "Bosh",
            "albumName": "Synkinisi"
          },
          "episode": null,
          "localTrack": null
        },
        {
          "track": {
            "trackName": "Tchoin",
            "artistName": "Kaaris",
            "albumName": "Okou Gnakouri"
          },
          "episode": null,
          "localTrack": null
        },
        {
          "track": {
            "trackName": "MD (feat. Niska)",
            "artistName": "4Keus",
            "albumName": "Vie d'artiste"
          },
          "episode": null,
          "localTrack": null
        },
        {
          "track": {
            "trackName": "Soirées des cités",
            "artistName": "DA Uzi",
            "albumName": "Architecte"
          },
          "episode": null,
          "localTrack": null
        },
        {
          "track": {
            "trackName": "10K",
            "artistName": "Bolémvn",
            "albumName": "Vol 169"
          },
          "episode": null,
          "localTrack": null
        },
        {
          "track": {
            "trackName": "Ayy Macarena - Remix",
            "artistName": "Tyga",
            "albumName": "Ayy Macarena"
          },
          "episode": null,
          "localTrack": null
        },
        {
          "track": {
            "trackName": "Maria",
            "artistName": "Hwa Sa",
            "albumName": "María"
          },
          "episode": null,
          "localTrack": null
        },
        {
          "track": {
            "trackName": "ON S'TAILLE",
            "artistName": "Gambi",
            "albumName": "LA VIE EST BELLE"
          },
          "episode": null,
          "localTrack": null
        },
        {
          "track": {
            "trackName": "Routine",
            "artistName": "Larry",
            "albumName": "Routine"
          },
          "episode": null,
          "localTrack": null
        },
        {
          "track": {
            "trackName": "Bague au doigt",
            "artistName": "Key Largo",
            "albumName": "July Key"
          },
          "episode": null,
          "localTrack": null
        },
        {
          "track": {
            "trackName": "Havana (feat. Young Thug)",
            "artistName": "Camila Cabello",
            "albumName": "Camila"
          },
          "episode": null,
          "localTrack": null
        },
        {
          "track": {
            "trackName": "FRIENDS",
            "artistName": "Marshmello",
            "albumName": "FRIENDS"
          },
          "episode": null,
          "localTrack": null
        },
        {
          "track": {
            "trackName": "Ransom",
            "artistName": "Lil Tecca",
            "albumName": "We Love You Tecca"
          },
          "episode": null,
          "localTrack": null
        },
        {
          "track": {
            "trackName": "Guerilla",
            "artistName": "Soolking",
            "albumName": "Fruit du démon"
          },
          "episode": null,
          "localTrack": null
        },
        {
          "track": {
            "trackName": "Illimité",
            "artistName": "Kaaris",
            "albumName": "2.7.0"
          },
          "episode": null,
          "localTrack": null
        },
        {
          "track": {
            "trackName": "Souvenir",
            "artistName": "Wejdene",
            "albumName": "16"
          },
          "episode": null,
          "localTrack": null
        },
        {
          "track": {
            "trackName": "Mr. Saxobeat - Radio Edit",
            "artistName": "Alexandra Stan",
            "albumName": "Sundown (Original Motion Picture Soundtrack)"
          },
          "episode": null,
          "localTrack": null
        },
        {
          "track": {
            "trackName": "Meleğim",
            "artistName": "Soolking",
            "albumName": "Vintage"
          },
          "episode": null,
          "localTrack": null
        },
        {
          "track": {
            "trackName": "Luna",
            "artistName": "Lynda",
            "albumName": "Luna"
          },
          "episode": null,
          "localTrack": null
        },
        {
          "track": {
            "trackName": "La fragrance",
            "artistName": "Mister You",
            "albumName": "HLM2"
          },
          "episode": null,
          "localTrack": null
        }
      ],
      "description": null,
      "numberOfFollowers": 0
    },
    {
      "name": "Local",
      "lastModifiedDate": "2020-10-02",
      "items": [
        {
          "track": null,
          "episode": null,
          "localTrack": {
            "uri": "spotify:local:SkyrockFM::%5BExclu%5D+Kodes+%22Gucci%22+%23PlanteRap:168"
          }
        },
        {
          "track": null,
          "episode": null,
          "localTrack": {
            "uri": "spotify:local:Rapelite.com::Zola+-+Manger:130"
          }
        }
      ],
      "description": "Musiques introuvables sur spotify",
      "numberOfFollowers": 0
    },
    {
      "name": "Les découvertes",
      "lastModifiedDate": "2021-03-13",
      "items": [
        {
          "track": {
            "trackName": "raingurl",
            "artistName": "Yaeji",
            "albumName": "raingurl"
          },
          "episode": null,
          "localTrack": null
        },
        {
          "track": {
            "trackName": "September",
            "artistName": "Earth, Wind & Fire",
            "albumName": "September"
          },
          "episode": null,
          "localTrack": null
        },
        {
          "track": {
            "trackName": "HP",
            "artistName": "Maluma",
            "albumName": "11:11"
          },
          "episode": null,
          "localTrack": null
        },
        {
          "track": {
            "trackName": "Hot Stuff",
            "artistName": "Donna Summer",
            "albumName": "Bad Girls"
          },
          "episode": null,
          "localTrack": null
        },
        {
          "track": {
            "trackName": "Dream Glow (BTS World Original Soundtrack) - Pt. 1",
            "artistName": "BTS",
            "albumName": "Dream Glow (BTS World Original Soundtrack) [Pt. 1]"
          },
          "episode": null,
          "localTrack": null
        },
        {
          "track": {
            "trackName": "I'm Gonna Be",
            "artistName": "Post Malone",
            "albumName": "Hollywood's Bleeding"
          },
          "episode": null,
          "localTrack": null
        },
        {
          "track": {
            "trackName": "Overnight",
            "artistName": "Parcels",
            "albumName": "Overnight"
          },
          "episode": null,
          "localTrack": null
        },
        {
          "track": {
            "trackName": "TWIT",
            "artistName": "Hwa Sa",
            "albumName": "TWIT"
          },
          "episode": null,
          "localTrack": null
        },
        {
          "track": {
            "trackName": "HRTBRKSTAR",
            "artistName": "Kaza",
            "albumName": "HRTBRKSTAR"
          },
          "episode": null,
          "localTrack": null
        },
        {
          "track": {
            "trackName": "Don’t",
            "artistName": "Loco",
            "albumName": "The Hyena on the Keyboard Pt. 4"
          },
          "episode": null,
          "localTrack": null
        },
        {
          "track": {
            "trackName": "One More",
            "artistName": "Yaeji",
            "albumName": "One More"
          },
          "episode": null,
          "localTrack": null
        },
        {
          "track": {
            "trackName": "drink i'm sippin on",
            "artistName": "Yaeji",
            "albumName": "drink i'm sippin on"
          },
          "episode": null,
          "localTrack": null
        },
        {
          "track": {
            "trackName": "February 2017 (feat. Clairo and Yaeji)",
            "artistName": "Charli XCX",
            "albumName": "February 2017 (feat. Clairo and Yaeji)"
          },
          "episode": null,
          "localTrack": null
        },
        {
          "track": {
            "trackName": "Contando Lunares (feat. Cruz Cafuné)",
            "artistName": "Don Patricio",
            "albumName": "La Dura Vida del Joven Rapero"
          },
          "episode": null,
          "localTrack": null
        },
        {
          "track": {
            "trackName": "COCO",
            "artistName": "김현우",
            "albumName": "멜로디책방 Part 1, Part 2"
          },
          "episode": null,
          "localTrack": null
        },
        {
          "track": {
            "trackName": "7 rings",
            "artistName": "Ariana Grande",
            "albumName": "thank u, next"
          },
          "episode": null,
          "localTrack": null
        },
        {
          "track": {
            "trackName": "Olympe",
            "artistName": "OBOY",
            "albumName": "OMEGA"
          },
          "episode": null,
          "localTrack": null
        },
        {
          "track": {
            "trackName": "California Dreamin - Radio Edit",
            "artistName": "Freischwimmer",
            "albumName": "California Dreamin"
          },
          "episode": null,
          "localTrack": null
        },
        {
          "track": {
            "trackName": "Vaisseau Mère",
            "artistName": "L2B Gang",
            "albumName": "Vaisseau Mère"
          },
          "episode": null,
          "localTrack": null
        },
        {
          "track": {
            "trackName": "Rien d'spécial",
            "artistName": "Népal",
            "albumName": "2016 - 2018"
          },
          "episode": null,
          "localTrack": null
        },
        {
          "track": {
            "trackName": "Sweet Dreams (Are Made of This) - Remastered",
            "artistName": "Eurythmics",
            "albumName": "Sweet Dreams (Are Made Of This)"
          },
          "episode": null,
          "localTrack": null
        },
        {
          "track": {
            "trackName": "Sweet Dreams (Are Made Of This)",
            "artistName": "Marilyn Manson",
            "albumName": "Smells Like Children"
          },
          "episode": null,
          "localTrack": null
        },
        {
          "track": {
            "trackName": "OTT #1",
            "artistName": "N'seven7",
            "albumName": "OTT #1"
          },
          "episode": null,
          "localTrack": null
        },
        {
          "track": {
            "trackName": "Jolie",
            "artistName": "Shay",
            "albumName": "Jolie"
          },
          "episode": null,
          "localTrack": null
        },
        {
          "track": {
            "trackName": "Solitaire",
            "artistName": "Bosh",
            "albumName": "Synkinisi"
          },
          "episode": null,
          "localTrack": null
        },
        {
          "track": {
            "trackName": "JITVB (feat. Tigers)",
            "artistName": "Bosh",
            "albumName": "Synkinisi"
          },
          "episode": null,
          "localTrack": null
        },
        {
          "track": {
            "trackName": "Honeysea II",
            "artistName": "Hans.",
            "albumName": "Puddles"
          },
          "episode": null,
          "localTrack": null
        },
        {
          "track": {
            "trackName": "Double Fuck",
            "artistName": "Kaaris",
            "albumName": "Double Fuck"
          },
          "episode": null,
          "localTrack": null
        },
        {
          "track": {
            "trackName": "Nursery Rhyme (from the film \"The Tale of The Princess Kaguya\")",
            "artistName": "Kazumi Nikaido",
            "albumName": "Ghibli, Princess Kaguya and I"
          },
          "episode": null,
          "localTrack": null
        },
        {
          "track": {
            "trackName": "The World Is Ugly",
            "artistName": "My Chemical Romance",
            "albumName": "Number Three"
          },
          "episode": null,
          "localTrack": null
        },
        {
          "track": {
            "trackName": "Notorious",
            "artistName": "Malaa",
            "albumName": "Notorious"
          },
          "episode": null,
          "localTrack": null
        },
        {
          "track": {
            "trackName": "Ice Cream (feat. Migos)",
            "artistName": "Gucci Mane",
            "albumName": "King Gucci"
          },
          "episode": null,
          "localTrack": null
        },
        {
          "track": {
            "trackName": "Shotta Flow",
            "artistName": "NLE Choppa",
            "albumName": "Shotta Flow"
          },
          "episode": null,
          "localTrack": null
        },
        {
          "track": {
            "trackName": "Donquixote Doflamingo",
            "artistName": "Freeze corleone",
            "albumName": "Projet Blue Beam"
          },
          "episode": null,
          "localTrack": null
        },
        {
          "track": {
            "trackName": "The Real Folk Blues",
            "artistName": "Mason Lieberman",
            "albumName": "The Real Folk Blues"
          },
          "episode": null,
          "localTrack": null
        },
        {
          "track": {
            "trackName": "eight(Prod.&Feat. SUGA of BTS)",
            "artistName": "IU",
            "albumName": "eight"
          },
          "episode": null,
          "localTrack": null
        },
        {
          "track": {
            "trackName": "Manger",
            "artistName": "RadioCity",
            "albumName": "Manger"
          },
          "episode": null,
          "localTrack": null
        },
        {
          "track": {
            "trackName": "UGDT (feat. Cinco)",
            "artistName": "Akeela",
            "albumName": "UGDT (feat. Cinco)"
          },
          "episode": null,
          "localTrack": null
        },
        {
          "track": {
            "trackName": "I'm Ok",
            "artistName": "Emma Kern",
            "albumName": "80 Fenway"
          },
          "episode": null,
          "localTrack": null
        },
        {
          "track": {
            "trackName": "Señorita",
            "artistName": "Shawn Mendes",
            "albumName": "Señorita"
          },
          "episode": null,
          "localTrack": null
        },
        {
          "track": {
            "trackName": "Docteur Lulu",
            "artistName": "Zuukou mayzie",
            "albumName": "Primera Temporada"
          },
          "episode": null,
          "localTrack": null
        },
        {
          "track": {
            "trackName": "À la fête",
            "artistName": "UZI",
            "albumName": "À la fête"
          },
          "episode": null,
          "localTrack": null
        },
        {
          "track": {
            "trackName": "Scream",
            "artistName": "Mazoo",
            "albumName": "Scream"
          },
          "episode": null,
          "localTrack": null
        },
        {
          "track": {
            "trackName": "Acte de Burberry",
            "artistName": "Gazo",
            "albumName": "Acte de Burberry"
          },
          "episode": null,
          "localTrack": null
        },
        {
          "track": {
            "trackName": "Drill FR 4",
            "artistName": "Gazo",
            "albumName": "Drill FR 4"
          },
          "episode": null,
          "localTrack": null
        },
        {
          "track": {
            "trackName": "J'ai rêvé de dormir",
            "artistName": "Guizmo",
            "albumName": "Renard"
          },
          "episode": null,
          "localTrack": null
        },
        {
          "track": {
            "trackName": "Wesh Ma Gueule",
            "artistName": "Fababy",
            "albumName": "La Force Du Nombre"
          },
          "episode": null,
          "localTrack": null
        },
        {
          "track": {
            "trackName": "Zlatana",
            "artistName": "Rohff",
            "albumName": "P.D.R.G. (Pouvoir, Danger, Respect & Game)"
          },
          "episode": null,
          "localTrack": null
        },
        {
          "track": {
            "trackName": "Many Men",
            "artistName": "21 Savage",
            "albumName": "SAVAGE MODE II"
          },
          "episode": null,
          "localTrack": null
        },
        {
          "track": {
            "trackName": "Uno",
            "artistName": "Larsé",
            "albumName": "Uno"
          },
          "episode": null,
          "localTrack": null
        },
        {
          "track": {
            "trackName": "Titulaires",
            "artistName": "SDM",
            "albumName": "Titulaires"
          },
          "episode": null,
          "localTrack": null
        },
        {
          "track": {
            "trackName": "Problèmes du matin",
            "artistName": "Ninho",
            "albumName": "Problèmes du matin"
          },
          "episode": null,
          "localTrack": null
        },
        {
          "track": {
            "trackName": "IRM",
            "artistName": "Kaaris",
            "albumName": "2.7.0"
          },
          "episode": null,
          "localTrack": null
        },
        {
          "track": {
            "trackName": "Gu**i",
            "artistName": "Kodes",
            "albumName": "Gu**i"
          },
          "episode": null,
          "localTrack": null
        },
        {
          "track": {
            "trackName": "Diamant Brut 5",
            "artistName": "La Peee",
            "albumName": "Diamant Brut 5"
          },
          "episode": null,
          "localTrack": null
        },
        {
          "track": {
            "trackName": "Don't @ Me",
            "artistName": "Jay Critch",
            "albumName": "Don't @ Me"
          },
          "episode": null,
          "localTrack": null
        },
        {
          "track": {
            "trackName": "45 AMG",
            "artistName": "Kodes",
            "albumName": "45 AMG"
          },
          "episode": null,
          "localTrack": null
        },
        {
          "track": {
            "trackName": "Moonwalk",
            "artistName": "Ateyaba",
            "albumName": "Moonwalk"
          },
          "episode": null,
          "localTrack": null
        },
        {
          "track": {
            "trackName": "En règle #6",
            "artistName": "Djalito",
            "albumName": "En règle #6"
          },
          "episode": null,
          "localTrack": null
        },
        {
          "track": {
            "trackName": "Isolation",
            "artistName": "Zach Diamond",
            "albumName": "Isolation"
          },
          "episode": null,
          "localTrack": null
        },
        {
          "track": {
            "trackName": "BATARD #4",
            "artistName": "1PLIKÉ140",
            "albumName": "BATARD #4"
          },
          "episode": null,
          "localTrack": null
        },
        {
          "track": {
            "trackName": "KASSAV (feat. Tiakola)",
            "artistName": "Gazo",
            "albumName": "KASSAV (feat. Tiakola)"
          },
          "episode": null,
          "localTrack": null
        },
        {
          "track": {
            "trackName": "En double appel",
            "artistName": "Niro",
            "albumName": "Stupéfiant"
          },
          "episode": null,
          "localTrack": null
        },
        {
          "track": {
            "trackName": "DÁKITI",
            "artistName": "Bad Bunny",
            "albumName": "EL ÚLTIMO TOUR DEL MUNDO"
          },
          "episode": null,
          "localTrack": null
        },
        {
          "track": {
            "trackName": "Canon scié",
            "artistName": "Larsé",
            "albumName": "Canon scié"
          },
          "episode": null,
          "localTrack": null
        }
      ],
      "description": null,
      "numberOfFollowers": 0
    },
    {
      "name": "Flex On Car",
      "lastModifiedDate": "2019-08-18",
      "items": [
        {
          "track": {
            "trackName": "No Limits",
            "artistName": "DaniLeigh",
            "albumName": "No Limits"
          },
          "episode": null,
          "localTrack": null
        },
        {
          "track": {
            "trackName": "Lil Bebe (feat. Lil Baby) - Remix",
            "artistName": "DaniLeigh",
            "albumName": "The Plan"
          },
          "episode": null,
          "localTrack": null
        },
        {
          "track": {
            "trackName": "Carrément gang - Bonus Track",
            "artistName": "Bolémvn",
            "albumName": "Quel vie"
          },
          "episode": null,
          "localTrack": null
        },
        {
          "track": {
            "trackName": "Extasy",
            "artistName": "Zola",
            "albumName": "Extasy"
          },
          "episode": null,
          "localTrack": null
        },
        {
          "track": {
            "trackName": "Audi.",
            "artistName": "Smokepurpp",
            "albumName": "Deadstar"
          },
          "episode": null,
          "localTrack": null
        },
        {
          "track": {
            "trackName": "goosebumps",
            "artistName": "Travis Scott",
            "albumName": "Birds In The Trap Sing McKnight"
          },
          "episode": null,
          "localTrack": null
        },
        {
          "track": {
            "trackName": "GUMMO",
            "artistName": "6ix9ine",
            "albumName": "Day69: Graduation Day"
          },
          "episode": null,
          "localTrack": null
        },
        {
          "track": {
            "trackName": "Mr. Saxobeat - Radio Edit",
            "artistName": "Alexandra Stan",
            "albumName": "Sundown (Original Motion Picture Soundtrack)"
          },
          "episode": null,
          "localTrack": null
        }
      ],
      "description": null,
      "numberOfFollowers": 0
    },
    {
      "name": "Jpop 80's",
      "lastModifiedDate": "2020-02-25",
      "items": [
        {
          "track": null,
          "episode": null,
          "localTrack": {
            "uri": "spotify:local:::Hako+Yamasaki+-+Help+Me+%28Tsunawatari%29:260"
          }
        },
        {
          "track": null,
          "episode": null,
          "localTrack": {
            "uri": "spotify:local:::Hako+Yamasaki+-+Wandering:364"
          }
        },
        {
          "track": null,
          "episode": null,
          "localTrack": {
            "uri": "spotify:local:::MAKOTO+MATUSHITA+SUNSET:501"
          }
        },
        {
          "track": null,
          "episode": null,
          "localTrack": {
            "uri": "spotify:local:::MIki+Matsubara+-+%E7%9C%9F%E5%A4%9C%E4%B8%AD%E3%81%AE%E3%83%89%E3%82%A2+++Stay+with+me:317"
          }
        },
        {
          "track": null,
          "episode": null,
          "localTrack": {
            "uri": "spotify:local:::Taeko+Ohnuki+-+4+00+AM+-+1978:334"
          }
        },
        {
          "track": null,
          "episode": null,
          "localTrack": {
            "uri": "spotify:local:::Takeuchi+Mariya+-+Plastic+Love+%28Night+Tempo+100%25+Pure+Remastered%29:268"
          }
        },
        {
          "track": null,
          "episode": null,
          "localTrack": {
            "uri": "spotify:local:::Tatsuro+Yamashita+-+Girls+on+the+Beach:166"
          }
        },
        {
          "track": null,
          "episode": null,
          "localTrack": {
            "uri": "spotify:local:::Tatsuro+Yamashita+-+Jody:231"
          }
        },
        {
          "track": null,
          "episode": null,
          "localTrack": {
            "uri": "spotify:local:::Tatsuro+Yamashita+-+Marry-go-Round+%28%E3%83%A1%E3%83%AA%E3%83%BC%E3%83%BB%E3%82%B4%E3%83%BC%E3%83%BB%E3%83%A9%E3%82%A6%E3%83%B3%E3%83%89%29:385"
          }
        },
        {
          "track": null,
          "episode": null,
          "localTrack": {
            "uri": "spotify:local:::Tatsuro+Yamashita+-+Ride+On+Time:275"
          }
        },
        {
          "track": null,
          "episode": null,
          "localTrack": {
            "uri": "spotify:local:::Tatsuro+Yamashita+-+Sparkle:265"
          }
        },
        {
          "track": null,
          "episode": null,
          "localTrack": {
            "uri": "spotify:local:::Tatsuro+Yamashita+%E5%B1%B1%E4%B8%8B%E9%81%94%E9%83%8E+%5B1977%5D+%5BSpacy%5D+-+01+Love+Space:283"
          }
        },
        {
          "track": null,
          "episode": null,
          "localTrack": {
            "uri": "spotify:local:::Tatsuro+Yamashita+%E5%B1%B1%E4%B8%8B%E9%81%94%E9%83%8E+%5B1977%5D+%5BSpacy%5D+-+04+Candy:194"
          }
        },
        {
          "track": null,
          "episode": null,
          "localTrack": {
            "uri": "spotify:local:::Tatsuro+Yamashita+%E5%B1%B1%E4%B8%8B%E9%81%94%E9%83%8E+%5B1977%5D+%5BSpacy%5D+-+05+Dancer:277"
          }
        },
        {
          "track": null,
          "episode": null,
          "localTrack": {
            "uri": "spotify:local:::Tatsuro+Yamashita+%E5%B1%B1%E4%B8%8B%E9%81%94%E9%83%8E+%5B1977%5D+%5BSpacy%5D+-+07+%E8%A8%80%E3%81%88%E3%81%AA%E3%81%8B%E3%81%A3%E3%81%9F%E8%A8%80%E8%91%89%E3%82%92:244"
          }
        },
        {
          "track": null,
          "episode": null,
          "localTrack": {
            "uri": "spotify:local:::Tatsuro+Yamashita+%E5%B1%B1%E4%B8%8B%E9%81%94%E9%83%8E+%5B1982%5D+%5BGreatest+Hits%21+Of%5D+-+02+Let%27s+Kiss+The+Sun:241"
          }
        },
        {
          "track": null,
          "episode": null,
          "localTrack": {
            "uri": "spotify:local:::Yoshino+Fujimal+-+Freeway+5+to+South:308"
          }
        }
      ],
      "description": null,
      "numberOfFollowers": 0
    },
    {
      "name": "Project 00",
      "lastModifiedDate": "2019-11-05",
      "items": [
        {
          "track": {
            "trackName": "Extasy",
            "artistName": "Zola",
            "albumName": "Extasy"
          },
          "episode": null,
          "localTrack": null
        },
        {
          "track": {
            "trackName": "Je vis je visser",
            "artistName": "PNL",
            "albumName": "Que la famille"
          },
          "episode": null,
          "localTrack": null
        },
        {
          "track": {
            "trackName": "Bartier Cardi (feat. 21 Savage)",
            "artistName": "Cardi B",
            "albumName": "Invasion of Privacy"
          },
          "episode": null,
          "localTrack": null
        },
        {
          "track": {
            "trackName": "California Girl",
            "artistName": "Zola",
            "albumName": "California Girl"
          },
          "episode": null,
          "localTrack": null
        },
        {
          "track": {
            "trackName": "All Night",
            "artistName": "mishlawi",
            "albumName": "All Night"
          },
          "episode": null,
          "localTrack": null
        },
        {
          "track": {
            "trackName": "Havana",
            "artistName": "Hayce Lemsi",
            "albumName": "Eurêka"
          },
          "episode": null,
          "localTrack": null
        },
        {
          "track": {
            "trackName": "Italia",
            "artistName": "Niska",
            "albumName": "Zifukoro"
          },
          "episode": null,
          "localTrack": null
        },
        {
          "track": {
            "trackName": "Sale mood",
            "artistName": "Bramsito",
            "albumName": "Sale mood"
          },
          "episode": null,
          "localTrack": null
        },
        {
          "track": {
            "trackName": "Cagoulé",
            "artistName": "Siboy",
            "albumName": "Cagoulé"
          },
          "episode": null,
          "localTrack": null
        },
        {
          "track": {
            "trackName": "Booska Rocket",
            "artistName": "Zola",
            "albumName": "Booska Rocket"
          },
          "episode": null,
          "localTrack": null
        },
        {
          "track": {
            "trackName": "Angela - Version 2",
            "artistName": "Saian Supa Crew",
            "albumName": "Saian Supa Crew"
          },
          "episode": null,
          "localTrack": null
        },
        {
          "track": {
            "trackName": "JCVD",
            "artistName": "Jul",
            "albumName": "Rien 100 Rien"
          },
          "episode": null,
          "localTrack": null
        },
        {
          "track": {
            "trackName": "Carrément gang - Bonus Track",
            "artistName": "Bolémvn",
            "albumName": "Quel vie"
          },
          "episode": null,
          "localTrack": null
        },
        {
          "track": {
            "trackName": "Déscolarisé",
            "artistName": "Tookie",
            "albumName": "Déscolarisé"
          },
          "episode": null,
          "localTrack": null
        },
        {
          "track": {
            "trackName": "6.45i",
            "artistName": "SCH",
            "albumName": "6.45i"
          },
          "episode": null,
          "localTrack": null
        },
        {
          "track": {
            "trackName": "De l'autre côté (feat. Nekfeu)",
            "artistName": "Ninho",
            "albumName": "Comme prévu"
          },
          "episode": null,
          "localTrack": null
        },
        {
          "track": {
            "trackName": "Ancrée à ton port",
            "artistName": "Fanny J",
            "albumName": "Vous les hommes"
          },
          "episode": null,
          "localTrack": null
        },
        {
          "track": {
            "trackName": "Y'a les porcs",
            "artistName": "DENZO",
            "albumName": "Atrocité"
          },
          "episode": null,
          "localTrack": null
        },
        {
          "track": {
            "trackName": "Hola Señorita",
            "artistName": "GIMS",
            "albumName": "Ceinture noire (Transcendance)"
          },
          "episode": null,
          "localTrack": null
        },
        {
          "track": {
            "trackName": "Mon ami",
            "artistName": "Kim",
            "albumName": "Zouk des îles 2010"
          },
          "episode": null,
          "localTrack": null
        },
        {
          "track": {
            "trackName": "Zola-manger",
            "artistName": "Klem_RH",
            "albumName": "Zola-manger"
          },
          "episode": null,
          "localTrack": null
        },
        {
          "track": {
            "trackName": "Eh boy",
            "artistName": "Bolémvn",
            "albumName": "Quel vie"
          },
          "episode": null,
          "localTrack": null
        },
        {
          "track": {
            "trackName": "Mobali",
            "artistName": "Siboy",
            "albumName": "Special"
          },
          "episode": null,
          "localTrack": null
        },
        {
          "track": {
            "trackName": "Autotune",
            "artistName": "Damso",
            "albumName": "Batterie faible"
          },
          "episode": null,
          "localTrack": null
        },
        {
          "track": {
            "trackName": "Ca chuchote",
            "artistName": "Sexion d'Assaut",
            "albumName": "L'école des points vitaux"
          },
          "episode": null,
          "localTrack": null
        },
        {
          "track": {
            "trackName": "Gaz",
            "artistName": "Larry",
            "albumName": "Gaz"
          },
          "episode": null,
          "localTrack": null
        },
        {
          "track": {
            "trackName": "Thaïlande",
            "artistName": "Dosseh",
            "albumName": "Summer Crack 4"
          },
          "episode": null,
          "localTrack": null
        },
        {
          "track": {
            "trackName": "Méchant méchant",
            "artistName": "Kodes",
            "albumName": "Méchant méchant"
          },
          "episode": null,
          "localTrack": null
        },
        {
          "track": {
            "trackName": "Gta #16",
            "artistName": "Kodes",
            "albumName": "Gta #16"
          },
          "episode": null,
          "localTrack": null
        },
        {
          "track": {
            "trackName": "Ténébreux #1",
            "artistName": "Koba LaD",
            "albumName": "Ténébreux"
          },
          "episode": null,
          "localTrack": null
        },
        {
          "track": {
            "trackName": "Méchant",
            "artistName": "Niska",
            "albumName": "Mr Sal"
          },
          "episode": null,
          "localTrack": null
        },
        {
          "track": {
            "trackName": "Mauvais",
            "artistName": "Werco",
            "albumName": "Mauvais"
          },
          "episode": null,
          "localTrack": null
        },
        {
          "track": {
            "trackName": "Dos argenté",
            "artistName": "Bosh",
            "albumName": "Dos argenté"
          },
          "episode": null,
          "localTrack": null
        },
        {
          "track": null,
          "episode": null,
          "localTrack": {
            "uri": "spotify:local:Rapelite.com::Zola+-+Manger:130"
          }
        }
      ],
      "description": null,
      "numberOfFollowers": 0
    }
  ]
}