[
  {
    "platform" : "ANDROID_ARM",
    "searchTime" : "2020-12-29T18:37:19.787Z[UTC]",
    "searchQuery" : "kode",
    "searchInteractionURIs" : [
      "spotify:track:52WaMtRX4vA5Eiza4cjah2",
      "spotify:track:42CpJH7ssF3cIkpiWJVCDC",
      "spotify:artist:3fnfvu19t4JYyEkRldXsO5"
    ]
  },
  {
    "platform" : "ANDROID_ARM",
    "searchTime" : "2020-12-30T17:18:00.143Z[UTC]",
    "searchQuery" : "bosh",
    "searchInteractionURIs" : [
      "spotify:artist:6Mm2g25BTeJ6BICPFWGkPg"
    ]
  },
  {
    "platform" : "ANDROID_ARM",
    "searchTime" : "2020-12-30T17:42:34.802Z[UTC]",
    "searchQuery" : "kaa",
    "searchInteractionURIs" : [
      "spotify:artist:1ntQKIMIgESKpKoNXVBvQg"
    ]
  },
  {
    "platform" : "ANDROID_ARM",
    "searchTime" : "2020-12-30T21:07:27.792Z[UTC]",
    "searchQuery" : "murder",
    "searchInteractionURIs" : [
      "spotify:track:7eBqSVxrzQZtK2mmgRG6lC"
    ]
  },
  {
    "platform" : "ANDROID_ARM",
    "searchTime" : "2020-12-30T21:12:01.444Z[UTC]",
    "searchQuery" : "lil sk",
    "searchInteractionURIs" : [
      "spotify:artist:7d3WFRME3vBY2cgoP38RDo"
    ]
  },
  {
    "platform" : "ANDROID_ARM",
    "searchTime" : "2020-12-30T21:13:02.164Z[UTC]",
    "searchQuery" : "no cap",
    "searchInteractionURIs" : [
      "spotify:playlist:37i9dQZF1DWSq3HVpgrk0E",
      "spotify:search:playlists:no%20cap"
    ]
  },
  {
    "platform" : "ANDROID_ARM",
    "searchTime" : "2020-12-30T21:13:11.537Z[UTC]",
    "searchQuery" : "no cap",
    "searchInteractionURIs" : [
      "spotify:playlist:3E9g8H9PluIyLDDcuJdMBH",
      "spotify:playlist:5m3QO1XH8X10SQ2VI66sWI"
    ]
  },
  {
    "platform" : "ANDROID_ARM",
    "searchTime" : "2021-01-01T04:55:27.371Z[UTC]",
    "searchQuery" : "ju",
    "searchInteractionURIs" : [
      "spotify:artist:4MCBfE4596Uoi2O4DtmEMz"
    ]
  },
  {
    "platform" : "DESKTOP",
    "searchTime" : "2021-01-01T14:53:39.932Z[UTC]",
    "searchQuery" : "murder",
    "searchInteractionURIs" : [
      "spotify:track:7eBqSVxrzQZtK2mmgRG6lC",
      "spotify:artist:1cNDP5yjU5vjeR8qMf4grg"
    ]
  },
  {
    "platform" : "ANDROID_ARM",
    "searchTime" : "2021-01-01T15:18:06.395Z[UTC]",
    "searchQuery" : "roses jui",
    "searchInteractionURIs" : [
      "spotify:track:1KVczjazCcCCgM3gXXUl47"
    ]
  },
  {
    "platform" : "ANDROID_ARM",
    "searchTime" : "2021-01-01T20:12:57.287Z[UTC]",
    "searchQuery" : "kaa",
    "searchInteractionURIs" : [
      "spotify:artist:1ntQKIMIgESKpKoNXVBvQg"
    ]
  },
  {
    "platform" : "ANDROID_ARM",
    "searchTime" : "2021-01-01T20:49:43.454Z[UTC]",
    "searchQuery" : "dos ",
    "searchInteractionURIs" : [
      "spotify:album:1j9vh1Cgor88MfmTUVY7En",
      "spotify:track:0R0nQc2LdL3r37U9hyNsOo"
    ]
  },
  {
    "platform" : "ANDROID_ARM",
    "searchTime" : "2021-01-01T21:13:13.241Z[UTC]",
    "searchQuery" : "'",
    "searchInteractionURIs" : [
      ""
    ]
  },
  {
    "platform" : "ANDROID_ARM",
    "searchTime" : "2021-01-01T21:13:15Z[UTC]",
    "searchQuery" : "nah",
    "searchInteractionURIs" : [
      "spotify:artist:3x3gsBtmPOSQVqdBzO7N5E"
    ]
  },
  {
    "platform" : "ANDROID_ARM",
    "searchTime" : "2021-01-03T11:44:09.383Z[UTC]",
    "searchQuery" : "ynw",
    "searchInteractionURIs" : [
      "spotify:artist:1cNDP5yjU5vjeR8qMf4grg"
    ]
  },
  {
    "platform" : "ANDROID_ARM",
    "searchTime" : "2021-01-03T11:47:32.516Z[UTC]",
    "searchQuery" : "juice",
    "searchInteractionURIs" : [
      "spotify:artist:4MCBfE4596Uoi2O4DtmEMz"
    ]
  },
  {
    "platform" : "ANDROID_ARM",
    "searchTime" : "2021-01-03T14:27:57.381Z[UTC]",
    "searchQuery" : "pop",
    "searchInteractionURIs" : [
      "spotify:artist:0eDvMgVFoNV3TpwtrVCoTj"
    ]
  },
  {
    "platform" : "ANDROID_ARM",
    "searchTime" : "2021-01-03T14:29:34.959Z[UTC]",
    "searchQuery" : "shott",
    "searchInteractionURIs" : [
      "spotify:track:67XyC1GdSkKb9sbRRkUDXS"
    ]
  },
  {
    "platform" : "ANDROID_ARM",
    "searchTime" : "2021-01-03T14:30:02.874Z[UTC]",
    "searchQuery" : "cj",
    "searchInteractionURIs" : [
      "spotify:track:5vGLcdRuSbUhD8ScwsGSdA"
    ]
  },
  {
    "platform" : "ANDROID_ARM",
    "searchTime" : "2021-01-03T14:30:38.232Z[UTC]",
    "searchQuery" : "binks ",
    "searchInteractionURIs" : [
      "spotify:track:4zrEmFA3R3JngfWR70zu3w",
      ""
    ]
  },
  {
    "platform" : "ANDROID_ARM",
    "searchTime" : "2021-01-03T14:31:36.193Z[UTC]",
    "searchQuery" : "elvir",
    "searchInteractionURIs" : [
      "spotify:track:3VxDCnNHD1mtXFGFDPqhe4"
    ]
  },
  {
    "platform" : "ANDROID_ARM",
    "searchTime" : "2021-01-03T14:33:01.889Z[UTC]",
    "searchQuery" : "mechant n",
    "searchInteractionURIs" : [
      "spotify:track:2wrTf0958vbhhc5NZHf1Wc",
      ""
    ]
  },
  {
    "platform" : "ANDROID_ARM",
    "searchTime" : "2021-01-03T14:33:25.302Z[UTC]",
    "searchQuery" : "goomo",
    "searchInteractionURIs" : [
    ]
  },
  {
    "platform" : "ANDROID_ARM",
    "searchTime" : "2021-01-03T14:33:29.364Z[UTC]",
    "searchQuery" : "gummo",
    "searchInteractionURIs" : [
      "spotify:track:4HbiCvH1R7mVOJ7KY7JQBD"
    ]
  },
  {
    "platform" : "ANDROID_ARM",
    "searchTime" : "2021-01-03T14:33:45.626Z[UTC]",
    "searchQuery" : "look ",
    "searchInteractionURIs" : [
      "spotify:track:7floNISpH8VF4z4459Qo18",
      "spotify:track:7floNISpH8VF4z4459Qo18",
      ""
    ]
  },
  {
    "platform" : "ANDROID_ARM",
    "searchTime" : "2021-01-03T14:34:09.170Z[UTC]",
    "searchQuery" : "dior",
    "searchInteractionURIs" : [
      "spotify:track:79s5XnCN4TJKTVMSmOx8Ep",
      ""
    ]
  },
  {
    "platform" : "ANDROID_ARM",
    "searchTime" : "2021-01-03T14:34:21.787Z[UTC]",
    "searchQuery" : "make i",
    "searchInteractionURIs" : [
      "spotify:track:4TgHt7vKCimpywaiKfl0uj",
      ""
    ]
  },
  {
    "platform" : "ANDROID_ARM",
    "searchTime" : "2021-01-03T14:34:45.530Z[UTC]",
    "searchQuery" : "kaaris bosh",
    "searchInteractionURIs" : [
      "spotify:track:5JVt5VEVQxsA0GPGev0mzm"
    ]
  },
  {
    "platform" : "ANDROID_ARM",
    "searchTime" : "2021-01-03T14:35:51.540Z[UTC]",
    "searchQuery" : "ski",
    "searchInteractionURIs" : [
      "spotify:artist:2rhFzFmezpnW82MNqEKVry"
    ]
  },
  {
    "platform" : "ANDROID_ARM",
    "searchTime" : "2021-01-03T14:36:27.937Z[UTC]",
    "searchQuery" : "nba",
    "searchInteractionURIs" : [
      "spotify:artist:7wlFDEWiM5OoIAt8RSli8b"
    ]
  },
  {
    "platform" : "ANDROID_ARM",
    "searchTime" : "2021-01-03T14:36:39.840Z[UTC]",
    "searchQuery" : "chief ",
    "searchInteractionURIs" : [
      "spotify:artist:15iVAtD3s3FsQR4w1v6M0P"
    ]
  },
  {
    "platform" : "ANDROID_ARM",
    "searchTime" : "2021-01-03T14:37:40.535Z[UTC]",
    "searchQuery" : "f",
    "searchInteractionURIs" : [
      ""
    ]
  },
  {
    "platform" : "ANDROID_ARM",
    "searchTime" : "2021-01-03T14:37:43.891Z[UTC]",
    "searchQuery" : "feat free",
    "searchInteractionURIs" : [
      ""
    ]
  },
  {
    "platform" : "ANDROID_ARM",
    "searchTime" : "2021-01-03T14:37:56.774Z[UTC]",
    "searchQuery" : "oiseau",
    "searchInteractionURIs" : [
    ]
  },
  {
    "platform" : "ANDROID_ARM",
    "searchTime" : "2021-01-03T14:37:58.481Z[UTC]",
    "searchQuery" : "ois",
    "searchInteractionURIs" : [
      ""
    ]
  },
  {
    "platform" : "ANDROID_ARM",
    "searchTime" : "2021-01-03T14:37:59.685Z[UTC]",
    "searchQuery" : "djang",
    "searchInteractionURIs" : [
      "spotify:artist:5gU8eqolA1bziWv6e3Wjp3"
    ]
  },
  {
    "platform" : "DESKTOP",
    "searchTime" : "2021-01-05T12:54:37.976Z[UTC]",
    "searchQuery" : "talking a walk",
    "searchInteractionURIs" : [
      "spotify:track:4mHgYpuGHu99Mw69E83CP2"
    ]
  },
  {
    "platform" : "DESKTOP",
    "searchTime" : "2021-01-05T17:30:19.223Z[UTC]",
    "searchQuery" : "juice",
    "searchInteractionURIs" : [
      "spotify:artist:4MCBfE4596Uoi2O4DtmEMz"
    ]
  },
  {
    "platform" : "ANDROID_ARM",
    "searchTime" : "2021-01-06T06:47:15.333Z[UTC]",
    "searchQuery" : "jui",
    "searchInteractionURIs" : [
      "spotify:artist:4MCBfE4596Uoi2O4DtmEMz"
    ]
  },
  {
    "platform" : "ANDROID_ARM",
    "searchTime" : "2021-01-06T13:36:30.753Z[UTC]",
    "searchQuery" : "djalito",
    "searchInteractionURIs" : [
      "spotify:artist:27LbkIauxECwrPlkcG4tFs"
    ]
  },
  {
    "platform" : "DESKTOP",
    "searchTime" : "2021-01-06T14:27:20.845Z[UTC]",
    "searchQuery" : "juice",
    "searchInteractionURIs" : [
      "spotify:artist:4MCBfE4596Uoi2O4DtmEMz"
    ]
  },
  {
    "platform" : "ANDROID_ARM",
    "searchTime" : "2021-01-06T18:34:42.780Z[UTC]",
    "searchQuery" : "kaa",
    "searchInteractionURIs" : [
      "spotify:album:7GfSOnSZuZ55ue5u0YEcCO"
    ]
  },
  {
    "platform" : "DESKTOP",
    "searchTime" : "2021-01-07T21:33:18.796Z[UTC]",
    "searchQuery" : "juice",
    "searchInteractionURIs" : [
      "spotify:track:6Hj9jySrnFppAI0sEMCZpJ"
    ]
  },
  {
    "platform" : "DESKTOP",
    "searchTime" : "2021-01-08T09:15:49.636Z[UTC]",
    "searchQuery" : "MWm",
    "searchInteractionURIs" : [
    ]
  },
  {
    "platform" : "DESKTOP",
    "searchTime" : "2021-01-08T09:15:53.739Z[UTC]",
    "searchQuery" : "mely",
    "searchInteractionURIs" : [
    ]
  },
  {
    "platform" : "DESKTOP",
    "searchTime" : "2021-01-08T09:16:00.665Z[UTC]",
    "searchQuery" : "nw me",
    "searchInteractionURIs" : [
      "spotify:artist:1cNDP5yjU5vjeR8qMf4grg"
    ]
  },
  {
    "platform" : "DESKTOP",
    "searchTime" : "2021-01-08T09:52:08.402Z[UTC]",
    "searchQuery" : "nw me",
    "searchInteractionURIs" : [
    ]
  },
  {
    "platform" : "DESKTOP",
    "searchTime" : "2021-01-08T11:03:17.063Z[UTC]",
    "searchQuery" : "malt",
    "searchInteractionURIs" : [
      "spotify:artist:5A7u47fziMdcEMunHjT8Kf"
    ]
  },
  {
    "platform" : "DESKTOP",
    "searchTime" : "2021-01-08T11:09:09.812Z[UTC]",
    "searchQuery" : "meny men",
    "searchInteractionURIs" : [
      "spotify:track:5STdMlrBf6pqWiNE7WqxSi",
      "spotify:track:5pMU8APwU6k09iRcmSYNpV"
    ]
  },
  {
    "platform" : "ANDROID_ARM",
    "searchTime" : "2021-01-08T19:59:35.193Z[UTC]",
    "searchQuery" : "juic",
    "searchInteractionURIs" : [
      "spotify:artist:4MCBfE4596Uoi2O4DtmEMz"
    ]
  },
  {
    "platform" : "ANDROID_ARM",
    "searchTime" : "2021-01-09T17:18:08.827Z[UTC]",
    "searchQuery" : "zola",
    "searchInteractionURIs" : [
      "spotify:artist:54kCbQZaZWHnwwj9VP2hn4"
    ]
  },
  {
    "platform" : "DESKTOP",
    "searchTime" : "2021-01-09T20:25:36.555Z[UTC]",
    "searchQuery" : "this is ju",
    "searchInteractionURIs" : [
      "",
      "spotify:playlist:37i9dQZF1DWYnx77Gg1Rgu"
    ]
  },
  {
    "platform" : "DESKTOP",
    "searchTime" : "2021-01-09T20:32:37.147Z[UTC]",
    "searchQuery" : "this is ju",
    "searchInteractionURIs" : [
    ]
  },
  {
    "platform" : "DESKTOP",
    "searchTime" : "2021-01-09T20:34:53.632Z[UTC]",
    "searchQuery" : "futur",
    "searchInteractionURIs" : [
      "spotify:artist:1RyvyyTE3xzB2ZywiAwp0i"
    ]
  },
  {
    "platform" : "DESKTOP",
    "searchTime" : "2021-01-09T20:35:05.064Z[UTC]",
    "searchQuery" : "this is futu",
    "searchInteractionURIs" : [
      "spotify:playlist:37i9dQZF1DWVstK6FYh8Nw"
    ]
  },
  {
    "platform" : "DESKTOP",
    "searchTime" : "2021-01-09T21:02:04.314Z[UTC]",
    "searchQuery" : "zola",
    "searchInteractionURIs" : [
      "spotify:artist:54kCbQZaZWHnwwj9VP2hn4"
    ]
  },
  {
    "platform" : "ANDROID_ARM",
    "searchTime" : "2021-01-10T20:43:16.847Z[UTC]",
    "searchQuery" : "isola",
    "searchInteractionURIs" : [
      "spotify:track:18SRNuYjTHSRiNcnWwKrbA"
    ]
  },
  {
    "platform" : "ANDROID_ARM",
    "searchTime" : "2021-01-10T21:24:34.940Z[UTC]",
    "searchQuery" : "di capr",
    "searchInteractionURIs" : [
      "spotify:artist:5lQPMdwlpHVLkKLRLpgOpS"
    ]
  },
  {
    "platform" : "ANDROID_ARM",
    "searchTime" : "2021-01-10T21:28:27.658Z[UTC]",
    "searchQuery" : "1",
    "searchInteractionURIs" : [
      "spotify:artist:4Ue6MAZqz18NlaOQomRXLU"
    ]
  },
  {
    "platform" : "ANDROID_ARM",
    "searchTime" : "2021-01-11T19:08:43.789Z[UTC]",
    "searchQuery" : "sch",
    "searchInteractionURIs" : [
      "spotify:artist:2kXKa3aAFngGz2P4GjG5w2"
    ]
  },
  {
    "platform" : "ANDROID_ARM",
    "searchTime" : "2021-01-12T20:57:58.705Z[UTC]",
    "searchQuery" : "1",
    "searchInteractionURIs" : [
      "spotify:artist:4Ue6MAZqz18NlaOQomRXLU"
    ]
  },
  {
    "platform" : "ANDROID_ARM",
    "searchTime" : "2021-01-13T12:36:33.486Z[UTC]",
    "searchQuery" : "zola",
    "searchInteractionURIs" : [
      "spotify:artist:54kCbQZaZWHnwwj9VP2hn4"
    ]
  },
  {
    "platform" : "ANDROID_ARM",
    "searchTime" : "2021-01-14T20:46:01.830Z[UTC]",
    "searchQuery" : "how to rob",
    "searchInteractionURIs" : [
      "spotify:track:7bJ6lqDOQnfHq0V1o8TixL",
      "spotify:track:0WeqxuyEmVCvn9EROl9Uf6",
      "spotify:track:0X1vxw7tFzOlxRFPs96HgY",
      "spotify:search:tracks:how%20to%20rob"
    ]
  },
  {
    "platform" : "ANDROID_ARM",
    "searchTime" : "2021-01-14T20:46:41.314Z[UTC]",
    "searchQuery" : "how to rob",
    "searchInteractionURIs" : [
      "spotify:track:2obWYKneo32IRwfM6yO427"
    ]
  },
  {
    "platform" : "ANDROID_ARM",
    "searchTime" : "2021-01-14T20:47:08.210Z[UTC]",
    "searchQuery" : "how to rob",
    "searchInteractionURIs" : [
      "spotify:track:0WeqxuyEmVCvn9EROl9Uf6"
    ]
  },
  {
    "platform" : "ANDROID_ARM",
    "searchTime" : "2021-01-14T20:49:00.810Z[UTC]",
    "searchQuery" : "dior",
    "searchInteractionURIs" : [
    ]
  },
  {
    "platform" : "ANDROID_ARM",
    "searchTime" : "2021-01-14T20:49:02.310Z[UTC]",
    "searchQuery" : "dio",
    "searchInteractionURIs" : [
      ""
    ]
  },
  {
    "platform" : "ANDROID_ARM",
    "searchTime" : "2021-01-14T20:49:03.523Z[UTC]",
    "searchQuery" : "pop",
    "searchInteractionURIs" : [
      "spotify:artist:0eDvMgVFoNV3TpwtrVCoTj"
    ]
  },
  {
    "platform" : "ANDROID_ARM",
    "searchTime" : "2021-01-15T11:21:34.516Z[UTC]",
    "searchQuery" : "gazo",
    "searchInteractionURIs" : [
      "spotify:artist:5gqmbbfjcikQBzPB5Hv13I"
    ]
  },
  {
    "platform" : "ANDROID_ARM",
    "searchTime" : "2021-01-15T11:38:23.296Z[UTC]",
    "searchQuery" : "ddj",
    "searchInteractionURIs" : [
      "spotify:artist:0WK3H9OErSn5zKOkOV5egm"
    ]
  },
  {
    "platform" : "ANDROID_ARM",
    "searchTime" : "2021-01-15T17:23:26.874Z[UTC]",
    "searchQuery" : "tri",
    "searchInteractionURIs" : [
      "spotify:album:0JMZmkRaNLaGUWayBrHOMa"
    ]
  },
  {
    "platform" : "ANDROID_ARM",
    "searchTime" : "2021-01-15T18:09:11.874Z[UTC]",
    "searchQuery" : "niska charge",
    "searchInteractionURIs" : [
      "spotify:playlist:69LZLvnHDvzHxMKa0zshJi",
      "spotify:track:1R5NIb1aUjWawsft1HCAFi"
    ]
  },
  {
    "platform" : "ANDROID_ARM",
    "searchTime" : "2021-01-16T07:00:34.170Z[UTC]",
    "searchQuery" : "jui",
    "searchInteractionURIs" : [
      "spotify:artist:4MCBfE4596Uoi2O4DtmEMz"
    ]
  },
  {
    "platform" : "ANDROID_ARM",
    "searchTime" : "2021-01-17T19:54:19.622Z[UTC]",
    "searchQuery" : "zo",
    "searchInteractionURIs" : [
      ""
    ]
  },
  {
    "platform" : "ANDROID_ARM",
    "searchTime" : "2021-01-17T19:54:22.137Z[UTC]",
    "searchQuery" : "ga",
    "searchInteractionURIs" : [
      "spotify:artist:5gqmbbfjcikQBzPB5Hv13I"
    ]
  },
  {
    "platform" : "ANDROID_ARM",
    "searchTime" : "2021-01-17T20:52:08.220Z[UTC]",
    "searchQuery" : "nahir",
    "searchInteractionURIs" : [
      "spotify:artist:3x3gsBtmPOSQVqdBzO7N5E"
    ]
  },
  {
    "platform" : "ANDROID_ARM",
    "searchTime" : "2021-01-17T20:55:50.456Z[UTC]",
    "searchQuery" : "ate",
    "searchInteractionURIs" : [
      "spotify:artist:281AuR0rWkBECMeaAB0pSA"
    ]
  },
  {
    "platform" : "ANDROID_ARM",
    "searchTime" : "2021-01-18T11:00:15.181Z[UTC]",
    "searchQuery" : "zola",
    "searchInteractionURIs" : [
      "spotify:artist:54kCbQZaZWHnwwj9VP2hn4"
    ]
  },
  {
    "platform" : "ANDROID_ARM",
    "searchTime" : "2021-01-18T14:48:17.239Z[UTC]",
    "searchQuery" : "kawaki",
    "searchInteractionURIs" : [
      "spotify:track:3BcPnOVGe8QkuwDS4iuRdo",
      "spotify:track:4eeQdo6SLhjtQLlxLFnnl0"
    ]
  },
  {
    "platform" : "ANDROID_ARM",
    "searchTime" : "2021-01-18T18:58:10.664Z[UTC]",
    "searchQuery" : "interner ",
    "searchInteractionURIs" : [
      "spotify:track:7hxHWCCAIIxFLCzvDgnQHX"
    ]
  },
  {
    "platform" : "ANDROID_ARM",
    "searchTime" : "2021-01-18T20:58:42.578Z[UTC]",
    "searchQuery" : "ian ",
    "searchInteractionURIs" : [
      "spotify:artist:6ASri4ePR7RlsvIQgWPJpS"
    ]
  },
  {
    "platform" : "ANDROID_ARM",
    "searchTime" : "2021-01-22T06:57:43.083Z[UTC]",
    "searchQuery" : "at",
    "searchInteractionURIs" : [
      "spotify:artist:281AuR0rWkBECMeaAB0pSA"
    ]
  },
  {
    "platform" : "ANDROID_ARM",
    "searchTime" : "2021-01-23T20:12:20.950Z[UTC]",
    "searchQuery" : "mal",
    "searchInteractionURIs" : [
      "spotify:artist:5A7u47fziMdcEMunHjT8Kf"
    ]
  },
  {
    "platform" : "ANDROID_ARM",
    "searchTime" : "2021-01-26T19:05:32.020Z[UTC]",
    "searchQuery" : "fre",
    "searchInteractionURIs" : [
      "spotify:artist:76Pl0epAMXVXJspaSuz8im"
    ]
  },
  {
    "platform" : "ANDROID_ARM",
    "searchTime" : "2021-01-27T15:43:02.842Z[UTC]",
    "searchQuery" : "free",
    "searchInteractionURIs" : [
      "spotify:artist:76Pl0epAMXVXJspaSuz8im"
    ]
  },
  {
    "platform" : "DESKTOP",
    "searchTime" : "2021-01-29T19:32:03.860Z[UTC]",
    "searchQuery" : "sch",
    "searchInteractionURIs" : [
      "spotify:artist:2kXKa3aAFngGz2P4GjG5w2",
      "spotify:track:6jdsnq94f6dlXugCMFlZ7i",
      "spotify:artist:2kXKa3aAFngGz2P4GjG5w2"
    ]
  },
  {
    "platform" : "DESKTOP",
    "searchTime" : "2021-01-30T08:34:14.171Z[UTC]",
    "searchQuery" : "pnl",
    "searchInteractionURIs" : [
      "spotify:album:2LOyzVRA6BJgfgGxQj21O1"
    ]
  },
  {
    "platform" : "DESKTOP",
    "searchTime" : "2021-01-30T14:27:12.350Z[UTC]",
    "searchQuery" : "pnl",
    "searchInteractionURIs" : [
    ]
  },
  {
    "platform" : "DESKTOP",
    "searchTime" : "2021-01-30T15:49:41.983Z[UTC]",
    "searchQuery" : "pnl",
    "searchInteractionURIs" : [
    ]
  },
  {
    "platform" : "DESKTOP",
    "searchTime" : "2021-01-30T16:42:40.108Z[UTC]",
    "searchQuery" : "pnl",
    "searchInteractionURIs" : [
    ]
  },
  {
    "platform" : "DESKTOP",
    "searchTime" : "2021-02-01T08:46:43.861Z[UTC]",
    "searchQuery" : "k",
    "searchInteractionURIs" : [
    ]
  },
  {
    "platform" : "DESKTOP",
    "searchTime" : "2021-02-01T08:47:20.504Z[UTC]",
    "searchQuery" : "quai paup",
    "searchInteractionURIs" : [
      "spotify:playlist:3BfIszrG6jLx6osBCQOImh"
    ]
  },
  {
    "platform" : "ANDROID_ARM",
    "searchTime" : "2021-02-01T21:12:42.782Z[UTC]",
    "searchQuery" : "anne",
    "searchInteractionURIs" : [
      "spotify:playlist:37i9dQZF1DWWl7MndYYxge"
    ]
  },
  {
    "platform" : "ANDROID_ARM",
    "searchTime" : "2021-02-01T21:13:31.452Z[UTC]",
    "searchQuery" : "anne 70",
    "searchInteractionURIs" : [
      "spotify:playlist:3jJxdBttaag3Nn0whM0mTG"
    ]
  },
  {
    "platform" : "ANDROID_ARM",
    "searchTime" : "2021-02-01T21:14:27.923Z[UTC]",
    "searchQuery" : "polnar",
    "searchInteractionURIs" : [
      "spotify:artist:7aKldvGENbL4bj8TCWHuhT",
      "spotify:artist:7aKldvGENbL4bj8TCWHuhT",
      "spotify:playlist:37i9dQZF1DZ06evO4f8cEu",
      "spotify:artist:7aKldvGENbL4bj8TCWHuhT"
    ]
  },
  {
    "platform" : "ANDROID_ARM",
    "searchTime" : "2021-02-02T09:27:18.875Z[UTC]",
    "searchQuery" : "a",
    "searchInteractionURIs" : [
      ""
    ]
  },
  {
    "platform" : "ANDROID_ARM",
    "searchTime" : "2021-02-02T09:27:22.581Z[UTC]",
    "searchQuery" : "qua",
    "searchInteractionURIs" : [
      "spotify:playlist:3BfIszrG6jLx6osBCQOImh"
    ]
  },
  {
    "platform" : "ANDROID_ARM",
    "searchTime" : "2021-02-02T20:24:50.648Z[UTC]",
    "searchQuery" : "zol",
    "searchInteractionURIs" : [
      "spotify:artist:54kCbQZaZWHnwwj9VP2hn4"
    ]
  },
  {
    "platform" : "ANDROID_ARM",
    "searchTime" : "2021-02-04T20:49:37.926Z[UTC]",
    "searchQuery" : "sch",
    "searchInteractionURIs" : [
      "spotify:artist:2kXKa3aAFngGz2P4GjG5w2"
    ]
  },
  {
    "platform" : "ANDROID_ARM",
    "searchTime" : "2021-02-05T17:32:12.146Z[UTC]",
    "searchQuery" : "zkr",
    "searchInteractionURIs" : [
      "spotify:artist:2yJ6lsLqG06r9bckSTQRt4",
      ""
    ]
  },
  {
    "platform" : "ANDROID_ARM",
    "searchTime" : "2021-02-05T17:32:20.973Z[UTC]",
    "searchQuery" : "html",
    "searchInteractionURIs" : [
    ]
  },
  {
    "platform" : "ANDROID_ARM",
    "searchTime" : "2021-02-05T17:32:22.682Z[UTC]",
    "searchQuery" : "ht",
    "searchInteractionURIs" : [
      ""
    ]
  },
  {
    "platform" : "ANDROID_ARM",
    "searchTime" : "2021-02-05T17:32:24.043Z[UTC]",
    "searchQuery" : "lq",
    "searchInteractionURIs" : [
      "spotify:search:playlists:lq"
    ]
  },
  {
    "platform" : "ANDROID_ARM",
    "searchTime" : "2021-02-05T17:32:37.068Z[UTC]",
    "searchQuery" : "la fra",
    "searchInteractionURIs" : [
      ""
    ]
  },
  {
    "platform" : "ANDROID_ARM",
    "searchTime" : "2021-02-05T17:32:43.021Z[UTC]",
    "searchQuery" : "miater ",
    "searchInteractionURIs" : [
      "spotify:artist:74YbW6s8CZdaYLxJU9HeS7"
    ]
  },
  {
    "platform" : "ANDROID_ARM",
    "searchTime" : "2021-02-05T17:33:48.859Z[UTC]",
    "searchQuery" : "ham",
    "searchInteractionURIs" : [
      "spotify:artist:5gs4Sm2WQUkcGeikMcVHbh"
    ]
  },
  {
    "platform" : "ANDROID_ARM",
    "searchTime" : "2021-02-05T17:40:49.079Z[UTC]",
    "searchQuery" : "mosteryou",
    "searchInteractionURIs" : [
      "spotify:artist:74YbW6s8CZdaYLxJU9HeS7"
    ]
  },
  {
    "platform" : "ANDROID_ARM",
    "searchTime" : "2021-02-05T17:41:38.445Z[UTC]",
    "searchQuery" : "zou",
    "searchInteractionURIs" : [
      ""
    ]
  },
  {
    "platform" : "ANDROID_ARM",
    "searchTime" : "2021-02-05T17:42:21.231Z[UTC]",
    "searchQuery" : "lafouine",
    "searchInteractionURIs" : [
      "spotify:artist:6QS84S3i4gwdEKqWoTtDLd"
    ]
  },
  {
    "platform" : "ANDROID_ARM",
    "searchTime" : "2021-02-06T18:41:58.477Z[UTC]",
    "searchQuery" : "zkr",
    "searchInteractionURIs" : [
      "spotify:artist:2yJ6lsLqG06r9bckSTQRt4"
    ]
  },
  {
    "platform" : "ANDROID_ARM",
    "searchTime" : "2021-02-06T19:15:47.444Z[UTC]",
    "searchQuery" : "joke",
    "searchInteractionURIs" : [
    ]
  },
  {
    "platform" : "ANDROID_ARM",
    "searchTime" : "2021-02-06T19:15:48.523Z[UTC]",
    "searchQuery" : "jo",
    "searchInteractionURIs" : [
      ""
    ]
  },
  {
    "platform" : "ANDROID_ARM",
    "searchTime" : "2021-02-06T19:15:50.599Z[UTC]",
    "searchQuery" : "atte",
    "searchInteractionURIs" : [
      "spotify:artist:281AuR0rWkBECMeaAB0pSA"
    ]
  },
  {
    "platform" : "DESKTOP",
    "searchTime" : "2021-02-07T10:35:40.263Z[UTC]",
    "searchQuery" : "atte",
    "searchInteractionURIs" : [
      "spotify:artist:281AuR0rWkBECMeaAB0pSA"
    ]
  },
  {
    "platform" : "DESKTOP",
    "searchTime" : "2021-02-07T13:25:48.956Z[UTC]",
    "searchQuery" : "pnl",
    "searchInteractionURIs" : [
      "spotify:artist:3NH8t45zOTqzlZgBvZRjvB"
    ]
  },
  {
    "platform" : "ANDROID_ARM",
    "searchTime" : "2021-02-07T20:58:58.325Z[UTC]",
    "searchQuery" : "zks",
    "searchInteractionURIs" : [
      "spotify:artist:2yJ6lsLqG06r9bckSTQRt4"
    ]
  },
  {
    "platform" : "ANDROID_ARM",
    "searchTime" : "2021-02-08T20:10:29.180Z[UTC]",
    "searchQuery" : "jok",
    "searchInteractionURIs" : [
    ]
  },
  {
    "platform" : "ANDROID_ARM",
    "searchTime" : "2021-02-08T20:10:30.720Z[UTC]",
    "searchQuery" : "jo",
    "searchInteractionURIs" : [
      ""
    ]
  },
  {
    "platform" : "ANDROID_ARM",
    "searchTime" : "2021-02-08T20:10:35.104Z[UTC]",
    "searchQuery" : "atteyaba",
    "searchInteractionURIs" : [
      "spotify:artist:281AuR0rWkBECMeaAB0pSA"
    ]
  },
  {
    "platform" : "DESKTOP",
    "searchTime" : "2021-02-10T11:44:35.993Z[UTC]",
    "searchQuery" : "hamza",
    "searchInteractionURIs" : [
      "spotify:artist:5gs4Sm2WQUkcGeikMcVHbh"
    ]
  },
  {
    "platform" : "ANDROID_ARM",
    "searchTime" : "2021-02-10T12:04:46.475Z[UTC]",
    "searchQuery" : "joke",
    "searchInteractionURIs" : [
    ]
  },
  {
    "platform" : "ANDROID_ARM",
    "searchTime" : "2021-02-10T12:04:48.441Z[UTC]",
    "searchQuery" : "j",
    "searchInteractionURIs" : [
      ""
    ]
  },
  {
    "platform" : "ANDROID_ARM",
    "searchTime" : "2021-02-10T12:04:52.558Z[UTC]",
    "searchQuery" : "atteyaba",
    "searchInteractionURIs" : [
      "spotify:artist:281AuR0rWkBECMeaAB0pSA"
    ]
  },
  {
    "platform" : "ANDROID_ARM",
    "searchTime" : "2021-02-13T17:11:31.991Z[UTC]",
    "searchQuery" : "boah",
    "searchInteractionURIs" : [
      "spotify:artist:6Mm2g25BTeJ6BICPFWGkPg"
    ]
  },
  {
    "platform" : "ANDROID_ARM",
    "searchTime" : "2021-02-13T18:01:38.025Z[UTC]",
    "searchQuery" : "walter",
    "searchInteractionURIs" : [
      "spotify:track:6SSEDegzHlRv8FQqeojPPg",
      ""
    ]
  },
  {
    "platform" : "ANDROID_ARM",
    "searchTime" : "2021-02-13T18:09:25.888Z[UTC]",
    "searchQuery" : "kaa",
    "searchInteractionURIs" : [
      "spotify:artist:1ntQKIMIgESKpKoNXVBvQg"
    ]
  },
  {
    "platform" : "DESKTOP",
    "searchTime" : "2021-02-14T08:41:25.601Z[UTC]",
    "searchQuery" : "nujabes",
    "searchInteractionURIs" : [
      "spotify:playlist:37i9dQZF1DZ06evO2fAoGH",
      "spotify:playlist:37i9dQZF1DWTyunZbUcqFL",
      "spotify:artist:3Rq3YOF9YG9YfCWD4D56RZ",
      "spotify:playlist:37i9dQZF1DZ06evO2fAoGH",
      "spotify:playlist:3FAiDh6cfiSrNUnarncTlQ"
    ]
  },
  {
    "platform" : "DESKTOP",
    "searchTime" : "2021-02-14T18:32:28.643Z[UTC]",
    "searchQuery" : "decep",
    "searchInteractionURIs" : [
      "spotify:track:2Zd2nielvl3da5ynSdESHm"
    ]
  },
  {
    "platform" : "ANDROID_ARM",
    "searchTime" : "2021-02-15T07:50:16.440Z[UTC]",
    "searchQuery" : "shik",
    "searchInteractionURIs" : [
      "spotify:track:0ztnTHr1KCFIyvQO3RTXHz",
      "spotify:track:79q8efcsFXhh3iEcA7ilTv"
    ]
  },
  {
    "platform" : "ANDROID_ARM",
    "searchTime" : "2021-02-15T07:51:05.159Z[UTC]",
    "searchQuery" : "shiki no",
    "searchInteractionURIs" : [
      "spotify:search:artists:shiki%20no",
      "spotify:track:5ujpmkXZtrg8nJqhCZQNPu"
    ]
  },
  {
    "platform" : "ANDROID_ARM",
    "searchTime" : "2021-02-15T07:51:33.197Z[UTC]",
    "searchQuery" : "z",
    "searchInteractionURIs" : [
      ""
    ]
  },
  {
    "platform" : "ANDROID_ARM",
    "searchTime" : "2021-02-16T05:49:28.126Z[UTC]",
    "searchQuery" : "casino",
    "searchInteractionURIs" : [
      "spotify:track:4SIcGSJqTXg5zL9atiSYRL"
    ]
  },
  {
    "platform" : "ANDROID_ARM",
    "searchTime" : "2021-02-16T06:40:33.434Z[UTC]",
    "searchQuery" : "shiki",
    "searchInteractionURIs" : [
      "spotify:track:0ztnTHr1KCFIyvQO3RTXHz",
      "spotify:track:5ujpmkXZtrg8nJqhCZQNPu"
    ]
  },
  {
    "platform" : "ANDROID_ARM",
    "searchTime" : "2021-02-16T06:43:05.389Z[UTC]",
    "searchQuery" : "whos",
    "searchInteractionURIs" : [
      "spotify:track:58yuFWA2sd63pW9i4Jy7fC"
    ]
  },
  {
    "platform" : "ANDROID_ARM",
    "searchTime" : "2021-02-18T07:35:32.477Z[UTC]",
    "searchQuery" : "no ca",
    "searchInteractionURIs" : [
      "spotify:playlist:37i9dQZF1DWSq3HVpgrk0E"
    ]
  },
  {
    "platform" : "ANDROID_ARM",
    "searchTime" : "2021-02-18T12:18:22.207Z[UTC]",
    "searchQuery" : "dece",
    "searchInteractionURIs" : [
      "spotify:track:2Zd2nielvl3da5ynSdESHm"
    ]
  },
  {
    "platform" : "ANDROID_ARM",
    "searchTime" : "2021-02-18T19:30:06.322Z[UTC]",
    "searchQuery" : "dece",
    "searchInteractionURIs" : [
    ]
  },
  {
    "platform" : "ANDROID_ARM",
    "searchTime" : "2021-02-19T10:50:44.182Z[UTC]",
    "searchQuery" : "t",
    "searchInteractionURIs" : [
      ""
    ]
  },
  {
    "platform" : "ANDROID_ARM",
    "searchTime" : "2021-02-19T10:50:46.502Z[UTC]",
    "searchQuery" : "tripp",
    "searchInteractionURIs" : [
      "spotify:artist:6Xgp2XMz1fhVYe7i6yNAax"
    ]
  },
  {
    "platform" : "ANDROID_ARM",
    "searchTime" : "2021-02-19T12:38:52.259Z[UTC]",
    "searchQuery" : "jo",
    "searchInteractionURIs" : [
      ""
    ]
  },
  {
    "platform" : "ANDROID_ARM",
    "searchTime" : "2021-02-19T12:38:56.352Z[UTC]",
    "searchQuery" : "atte",
    "searchInteractionURIs" : [
      "spotify:artist:281AuR0rWkBECMeaAB0pSA"
    ]
  },
  {
    "platform" : "ANDROID_ARM",
    "searchTime" : "2021-02-19T12:48:21.143Z[UTC]",
    "searchQuery" : "joke",
    "searchInteractionURIs" : [
    ]
  },
  {
    "platform" : "ANDROID_ARM",
    "searchTime" : "2021-02-19T12:48:26.518Z[UTC]",
    "searchQuery" : "jo",
    "searchInteractionURIs" : [
      ""
    ]
  },
  {
    "platform" : "ANDROID_ARM",
    "searchTime" : "2021-02-19T12:48:28.152Z[UTC]",
    "searchQuery" : "at",
    "searchInteractionURIs" : [
      "spotify:artist:281AuR0rWkBECMeaAB0pSA"
    ]
  },
  {
    "platform" : "ANDROID_ARM",
    "searchTime" : "2021-02-20T13:03:56.492Z[UTC]",
    "searchQuery" : "gazo",
    "searchInteractionURIs" : [
      "spotify:artist:5gqmbbfjcikQBzPB5Hv13I"
    ]
  },
  {
    "platform" : "ANDROID_ARM",
    "searchTime" : "2021-02-22T20:00:27.589Z[UTC]",
    "searchQuery" : "devil",
    "searchInteractionURIs" : [
      "spotify:track:7MiZjKawmXTsTNePyTfPyL"
    ]
  },
  {
    "platform" : "ANDROID_ARM",
    "searchTime" : "2021-02-22T20:08:12.944Z[UTC]",
    "searchQuery" : "zaza",
    "searchInteractionURIs" : [
      "spotify:artist:7gZfnEnfiaHzxARJ2LeXrf",
      "spotify:track:5cMoYjSCddCVVRUiVRv88q"
    ]
  },
  {
    "platform" : "ANDROID_ARM",
    "searchTime" : "2021-02-22T20:17:56.139Z[UTC]",
    "searchQuery" : "dababy",
    "searchInteractionURIs" : [
      "spotify:artist:4r63FhuTkUYltbVAg5TQnk"
    ]
  },
  {
    "platform" : "ANDROID_ARM",
    "searchTime" : "2021-02-22T20:18:19.719Z[UTC]",
    "searchQuery" : "dababy bea",
    "searchInteractionURIs" : [
      ""
    ]
  },
  {
    "platform" : "ANDROID_ARM",
    "searchTime" : "2021-02-22T20:18:49.746Z[UTC]",
    "searchQuery" : "no cap",
    "searchInteractionURIs" : [
      "spotify:playlist:37i9dQZF1DWSq3HVpgrk0E"
    ]
  },
  {
    "platform" : "ANDROID_ARM",
    "searchTime" : "2021-02-23T10:48:49.273Z[UTC]",
    "searchQuery" : "drill",
    "searchInteractionURIs" : [
      "spotify:track:3eGnvpFOpf2CEffcKjbC5m",
      "spotify:search:artists:drill"
    ]
  },
  {
    "platform" : "ANDROID_ARM",
    "searchTime" : "2021-02-23T10:49:59.216Z[UTC]",
    "searchQuery" : "drill",
    "searchInteractionURIs" : [
    ]
  },
  {
    "platform" : "ANDROID_ARM",
    "searchTime" : "2021-02-23T10:50:23.070Z[UTC]",
    "searchQuery" : "drill",
    "searchInteractionURIs" : [
    ]
  },
  {
    "platform" : "ANDROID_ARM",
    "searchTime" : "2021-02-23T19:59:18.293Z[UTC]",
    "searchQuery" : "devik",
    "searchInteractionURIs" : [
      "spotify:track:7MiZjKawmXTsTNePyTfPyL",
      "spotify:track:7MiZjKawmXTsTNePyTfPyL"
    ]
  },
  {
    "platform" : "ANDROID_ARM",
    "searchTime" : "2021-02-23T20:07:26.178Z[UTC]",
    "searchQuery" : "50 ",
    "searchInteractionURIs" : [
      "spotify:artist:3q7HBObVc0L8jNeTe5Gofh",
      "spotify:track:70FCugJxa7XW04Np6iYJdI",
      "spotify:track:5STdMlrBf6pqWiNE7WqxSi"
    ]
  },
  {
    "platform" : "ANDROID_ARM",
    "searchTime" : "2021-02-24T10:48:57.864Z[UTC]",
    "searchQuery" : "gazo",
    "searchInteractionURIs" : [
      "spotify:artist:5gqmbbfjcikQBzPB5Hv13I"
    ]
  },
  {
    "platform" : "ANDROID_ARM",
    "searchTime" : "2021-02-24T18:35:25.092Z[UTC]",
    "searchQuery" : "kaar",
    "searchInteractionURIs" : [
      "spotify:artist:1ntQKIMIgESKpKoNXVBvQg"
    ]
  },
  {
    "platform" : "ANDROID_ARM",
    "searchTime" : "2021-02-25T10:20:51.501Z[UTC]",
    "searchQuery" : "this is niro",
    "searchInteractionURIs" : [
      "spotify:playlist:37i9dQZF1DZ06evO0Qr9XG",
      "spotify:playlist:37i9dQZF1DZ06evO0Qr9XG",
      "spotify:playlist:28i2lIe5ABHwihPDG3rfbA"
    ]
  },
  {
    "platform" : "ANDROID_ARM",
    "searchTime" : "2021-02-25T10:34:13.239Z[UTC]",
    "searchQuery" : "sch",
    "searchInteractionURIs" : [
      "spotify:artist:2kXKa3aAFngGz2P4GjG5w2"
    ]
  },
  {
    "platform" : "ANDROID_ARM",
    "searchTime" : "2021-02-25T22:27:58.786Z[UTC]",
    "searchQuery" : "gaz",
    "searchInteractionURIs" : [
      "spotify:artist:5gqmbbfjcikQBzPB5Hv13I"
    ]
  },
  {
    "platform" : "ANDROID_ARM",
    "searchTime" : "2021-02-26T07:18:47.050Z[UTC]",
    "searchQuery" : "ga",
    "searchInteractionURIs" : [
      "spotify:artist:5gqmbbfjcikQBzPB5Hv13I"
    ]
  },
  {
    "platform" : "ANDROID_ARM",
    "searchTime" : "2021-02-27T18:58:36.110Z[UTC]",
    "searchQuery" : "zaza",
    "searchInteractionURIs" : [
      "spotify:track:5cMoYjSCddCVVRUiVRv88q"
    ]
  },
  {
    "platform" : "ANDROID_ARM",
    "searchTime" : "2021-02-27T19:05:52.367Z[UTC]",
    "searchQuery" : "in my hood",
    "searchInteractionURIs" : [
      "spotify:track:3X5tOT7Aif4l4ZjRj217pa"
    ]
  },
  {
    "platform" : "ANDROID_ARM",
    "searchTime" : "2021-02-27T19:57:16.651Z[UTC]",
    "searchQuery" : "in my hood",
    "searchInteractionURIs" : [
    ]
  },
  {
    "platform" : "ANDROID_ARM",
    "searchTime" : "2021-02-27T20:05:18.894Z[UTC]",
    "searchQuery" : "gazo",
    "searchInteractionURIs" : [
      "spotify:artist:5gqmbbfjcikQBzPB5Hv13I"
    ]
  },
  {
    "platform" : "ANDROID_ARM",
    "searchTime" : "2021-02-28T17:17:22.427Z[UTC]",
    "searchQuery" : "taic",
    "searchInteractionURIs" : [
      "spotify:artist:7gU9VyFRN3JWPJ5oHOil60"
    ]
  },
  {
    "platform" : "ANDROID_ARM",
    "searchTime" : "2021-02-28T19:28:54.306Z[UTC]",
    "searchQuery" : "gazo",
    "searchInteractionURIs" : [
      "spotify:artist:5gqmbbfjcikQBzPB5Hv13I"
    ]
  },
  {
    "platform" : "ANDROID_ARM",
    "searchTime" : "2021-02-28T19:54:13.834Z[UTC]",
    "searchQuery" : "hwa",
    "searchInteractionURIs" : [
      "spotify:artist:7bmYpVgQub656uNTu6qGNQ",
      "spotify:playlist:3lYSZDJhHXihWVRVhy0Y4M",
      "spotify:artist:7bmYpVgQub656uNTu6qGNQ"
    ]
  },
  {
    "platform" : "ANDROID_ARM",
    "searchTime" : "2021-02-28T19:55:59.020Z[UTC]",
    "searchQuery" : "mamamo",
    "searchInteractionURIs" : [
      "spotify:artist:0XATRDCYuuGhk0oE7C0o5G"
    ]
  },
  {
    "platform" : "ANDROID_ARM",
    "searchTime" : "2021-02-28T20:00:27.876Z[UTC]",
    "searchQuery" : "mamamo",
    "searchInteractionURIs" : [
      "spotify:playlist:37i9dQZF1DWW5pERGrNVob"
    ]
  },
  {
    "platform" : "ANDROID_ARM",
    "searchTime" : "2021-03-02T10:34:46.087Z[UTC]",
    "searchQuery" : "dinga",
    "searchInteractionURIs" : [
    ]
  },
  {
    "platform" : "ANDROID_ARM",
    "searchTime" : "2021-03-04T17:14:42.734Z[UTC]",
    "searchQuery" : "roddy ",
    "searchInteractionURIs" : [
      "spotify:artist:757aE44tKEUQEqRuT6GnEB"
    ]
  },
  {
    "platform" : "ANDROID_ARM",
    "searchTime" : "2021-03-04T18:16:32.251Z[UTC]",
    "searchQuery" : "hood",
    "searchInteractionURIs" : [
      "spotify:search:playlists:hood",
      ""
    ]
  },
  {
    "platform" : "ANDROID_ARM",
    "searchTime" : "2021-03-04T18:16:38.767Z[UTC]",
    "searchQuery" : "hood",
    "searchInteractionURIs" : [
      "spotify:playlist:0Nlun0lV9vo7nwhs3OIasp",
      "spotify:playlist:7pjwD0CnAxGYQTnK9ulI4q",
      "spotify:playlist:3aVCZddDXTQVpX9VAQSsuF",
      "spotify:playlist:6kgBkLMrevjEVdnCRE2974"
    ]
  },
  {
    "platform" : "ANDROID_ARM",
    "searchTime" : "2021-03-04T18:18:06.591Z[UTC]",
    "searchQuery" : "hood",
    "searchInteractionURIs" : [
      "spotify:playlist:5FXUUXUj241UT7qDgSbJcn"
    ]
  },
  {
    "platform" : "ANDROID_ARM",
    "searchTime" : "2021-03-04T18:38:43.083Z[UTC]",
    "searchQuery" : "boyz in",
    "searchInteractionURIs" : [
      "spotify:playlist:6VBDwlPrRjGTh2IeRsh8P5"
    ]
  },
  {
    "platform" : "DESKTOP",
    "searchTime" : "2021-03-05T07:41:02.148Z[UTC]",
    "searchQuery" : "kchill",
    "searchInteractionURIs" : [
      "spotify:playlist:3eXyKa6IgvxfUv08WBeuKA"
    ]
  },
  {
    "platform" : "ANDROID_ARM",
    "searchTime" : "2021-03-05T14:43:09.200Z[UTC]",
    "searchQuery" : "the",
    "searchInteractionURIs" : [
      "spotify:artist:1Xyo4u8uXC1ZmMpatF05PJ"
    ]
  },
  {
    "platform" : "ANDROID_ARM",
    "searchTime" : "2021-03-06T11:57:27.136Z[UTC]",
    "searchQuery" : "lat",
    "searchInteractionURIs" : [
      "spotify:playlist:6R2N9jmZsAaiS54DufhFby",
      "spotify:playlist:7vI0tN3yUn07dkK9T6p2pg",
      "spotify:playlist:6R2N9jmZsAaiS54DufhFby"
    ]
  },
  {
    "platform" : "ANDROID_ARM",
    "searchTime" : "2021-03-06T22:08:16.362Z[UTC]",
    "searchQuery" : "bad",
    "searchInteractionURIs" : [
      "spotify:artist:4q3ewBCX7sLwd24euuV69X"
    ]
  },
  {
    "platform" : "ANDROID_ARM",
    "searchTime" : "2021-03-07T18:25:07.471Z[UTC]",
    "searchQuery" : "s",
    "searchInteractionURIs" : [
      ""
    ]
  },
  {
    "platform" : "ANDROID_ARM",
    "searchTime" : "2021-03-07T19:01:28.816Z[UTC]",
    "searchQuery" : "aicha",
    "searchInteractionURIs" : [
      "spotify:track:75RPg4d3v0Tjh4qklTieTe",
      "spotify:track:0cYX51Hneb8qIOx0tHm7ng"
    ]
  },
  {
    "platform" : "DESKTOP",
    "searchTime" : "2021-03-08T10:25:50.470Z[UTC]",
    "searchQuery" : "kpop",
    "searchInteractionURIs" : [
      "spotify:playlist:0Zalm7sVYUtJMJFo9Vahb1"
    ]
  },
  {
    "platform" : "DESKTOP",
    "searchTime" : "2021-03-08T14:45:53.201Z[UTC]",
    "searchQuery" : "kchill",
    "searchInteractionURIs" : [
      "spotify:playlist:3eXyKa6IgvxfUv08WBeuKA",
      "spotify:track:5dTiWDCLrInxfUwhLQZ5Em"
    ]
  },
  {
    "platform" : "DESKTOP",
    "searchTime" : "2021-03-08T17:55:03.817Z[UTC]",
    "searchQuery" : "kaaris",
    "searchInteractionURIs" : [
      "spotify:playlist:37i9dQZF1DWYxVfmvKL3pj",
      "spotify:artist:1ntQKIMIgESKpKoNXVBvQg"
    ]
  },
  {
    "platform" : "ANDROID_ARM",
    "searchTime" : "2021-03-09T19:34:41.786Z[UTC]",
    "searchQuery" : "joke",
    "searchInteractionURIs" : [
    ]
  },
  {
    "platform" : "ANDROID_ARM",
    "searchTime" : "2021-03-09T19:34:45.055Z[UTC]",
    "searchQuery" : "jo",
    "searchInteractionURIs" : [
      ""
    ]
  },
  {
    "platform" : "ANDROID_ARM",
    "searchTime" : "2021-03-09T19:34:47.832Z[UTC]",
    "searchQuery" : "at",
    "searchInteractionURIs" : [
      "spotify:artist:281AuR0rWkBECMeaAB0pSA"
    ]
  },
  {
    "platform" : "ANDROID_ARM",
    "searchTime" : "2021-03-11T16:12:37.404Z[UTC]",
    "searchQuery" : "hzw",
    "searchInteractionURIs" : [
      "spotify:artist:7bmYpVgQub656uNTu6qGNQ"
    ]
  },
  {
    "platform" : "ANDROID_ARM",
    "searchTime" : "2021-03-11T16:12:48.053Z[UTC]",
    "searchQuery" : ".",
    "searchInteractionURIs" : [
    ]
  },
  {
    "platform" : "ANDROID_ARM",
    "searchTime" : "2021-03-11T16:17:02.119Z[UTC]",
    "searchQuery" : "mama",
    "searchInteractionURIs" : [
      "spotify:artist:0XATRDCYuuGhk0oE7C0o5G"
    ]
  },
  {
    "platform" : "ANDROID_ARM",
    "searchTime" : "2021-03-12T06:54:41.545Z[UTC]",
    "searchQuery" : "mama",
    "searchInteractionURIs" : [
      "spotify:artist:0XATRDCYuuGhk0oE7C0o5G"
    ]
  },
  {
    "platform" : "ANDROID_ARM",
    "searchTime" : "2021-03-12T07:42:09.248Z[UTC]",
    "searchQuery" : "cherry blo",
    "searchInteractionURIs" : [
    ]
  },
  {
    "platform" : "ANDROID_ARM",
    "searchTime" : "2021-03-12T07:42:48.334Z[UTC]",
    "searchQuery" : "cowbo",
    "searchInteractionURIs" : [
      "spotify:playlist:5W0vDOJjDvtWuyxae2BWiw",
      ""
    ]
  },
  {
    "platform" : "ANDROID_ARM",
    "searchTime" : "2021-03-12T07:43:00.247Z[UTC]",
    "searchQuery" : "samu",
    "searchInteractionURIs" : [
      "spotify:playlist:5DlsxSvlDw6u2s9yPu6Cmy"
    ]
  },
  {
    "platform" : "ANDROID_ARM",
    "searchTime" : "2021-03-12T11:26:12.886Z[UTC]",
    "searchQuery" : "kaari",
    "searchInteractionURIs" : [
      "spotify:artist:1ntQKIMIgESKpKoNXVBvQg"
    ]
  },
  {
    "platform" : "ANDROID_ARM",
    "searchTime" : "2021-03-12T11:33:09.802Z[UTC]",
    "searchQuery" : "maes",
    "searchInteractionURIs" : [
      "spotify:artist:6L34dW6SKMSDaGIfYDU19j"
    ]
  },
  {
    "platform" : "ANDROID_ARM",
    "searchTime" : "2021-03-12T11:34:08.080Z[UTC]",
    "searchQuery" : "kaa",
    "searchInteractionURIs" : [
      "spotify:artist:1ntQKIMIgESKpKoNXVBvQg"
    ]
  },
  {
    "platform" : "ANDROID_ARM",
    "searchTime" : "2021-03-13T11:18:32.518Z[UTC]",
    "searchQuery" : "larse",
    "searchInteractionURIs" : [
      "spotify:artist:5WJGVVWdW0OiMJV4pEv1oD"
    ]
  },
  {
    "platform" : "DESKTOP",
    "searchTime" : "2021-03-15T09:09:02.482Z[UTC]",
    "searchQuery" : "lus and",
    "searchInteractionURIs" : [
      "spotify:artist:2HPiMwJktBXqakN0hnON2R"
    ]
  },
  {
    "platform" : "DESKTOP",
    "searchTime" : "2021-03-15T09:09:12.749Z[UTC]",
    "searchQuery" : "nf",
    "searchInteractionURIs" : [
      "spotify:artist:6fOMl44jA4Sp5b9PpYCkzz"
    ]
  },
  {
    "platform" : "DESKTOP",
    "searchTime" : "2021-03-15T09:10:28.545Z[UTC]",
    "searchQuery" : "paid my ",
    "searchInteractionURIs" : [
      "spotify:track:18czZN7uruOjftj71Kt8oj"
    ]
  },
  {
    "platform" : "ANDROID_ARM",
    "searchTime" : "2021-03-15T19:24:29.732Z[UTC]",
    "searchQuery" : "sch",
    "searchInteractionURIs" : [
      "spotify:artist:2kXKa3aAFngGz2P4GjG5w2"
    ]
  },
  {
    "platform" : "ANDROID_ARM",
    "searchTime" : "2021-03-16T06:51:40.063Z[UTC]",
    "searchQuery" : "sch",
    "searchInteractionURIs" : [
      "spotify:artist:2kXKa3aAFngGz2P4GjG5w2"
    ]
  },
  {
    "platform" : "ANDROID_ARM",
    "searchTime" : "2021-03-16T20:25:39.658Z[UTC]",
    "searchQuery" : "j",
    "searchInteractionURIs" : [
      ""
    ]
  },
  {
    "platform" : "ANDROID_ARM",
    "searchTime" : "2021-03-16T20:25:42.088Z[UTC]",
    "searchQuery" : "sch",
    "searchInteractionURIs" : [
      "spotify:artist:2kXKa3aAFngGz2P4GjG5w2"
    ]
  },
  {
    "platform" : "ANDROID_ARM",
    "searchTime" : "2021-03-17T13:58:30.845Z[UTC]",
    "searchQuery" : "fairy o",
    "searchInteractionURIs" : [
      "spotify:track:5JXpZcc3CeQaC6vAF1iaV5"
    ]
  },
  {
    "platform" : "DESKTOP",
    "searchTime" : "2021-03-17T21:07:16.942Z[UTC]",
    "searchQuery" : "sch",
    "searchInteractionURIs" : [
      "spotify:artist:2kXKa3aAFngGz2P4GjG5w2"
    ]
  },
  {
    "platform" : "DESKTOP",
    "searchTime" : "2021-03-17T21:08:58.991Z[UTC]",
    "searchQuery" : "boo",
    "searchInteractionURIs" : [
      "spotify:artist:58wXmynHaAWI5hwlPZP3qL",
      "spotify:artist:58wXmynHaAWI5hwlPZP3qL",
      "spotify:album:6BpbeB9VUpEBID5maQ8sHl"
    ]
  },
  {
    "platform" : "ANDROID_ARM",
    "searchTime" : "2021-03-18T07:25:53.218Z[UTC]",
    "searchQuery" : "sch",
    "searchInteractionURIs" : [
      "spotify:artist:2kXKa3aAFngGz2P4GjG5w2"
    ]
  },
  {
    "platform" : "DESKTOP",
    "searchTime" : "2021-03-18T13:30:04.893Z[UTC]",
    "searchQuery" : "mama",
    "searchInteractionURIs" : [
    ]
  },
  {
    "platform" : "DESKTOP",
    "searchTime" : "2021-03-18T13:31:12.981Z[UTC]",
    "searchQuery" : "atteez",
    "searchInteractionURIs" : [
      "spotify:artist:68KmkJeZGfwe1OUaivBa2L"
    ]
  },
  {
    "platform" : "DESKTOP",
    "searchTime" : "2021-03-18T13:31:22.393Z[UTC]",
    "searchQuery" : "gidol",
    "searchInteractionURIs" : [
      "spotify:artist:2AfmfGFbe0A0WsTYm0SDTx",
      "spotify:playlist:37i9dQZF1DXdRupnl9NVKn"
    ]
  },
  {
    "platform" : "DESKTOP",
    "searchTime" : "2021-03-18T13:46:53.201Z[UTC]",
    "searchQuery" : "exo",
    "searchInteractionURIs" : [
      "spotify:playlist:37i9dQZF1DX5JcPJgYjGcf"
    ]
  },
  {
    "platform" : "DESKTOP",
    "searchTime" : "2021-03-18T13:50:10.122Z[UTC]",
    "searchQuery" : "bts",
    "searchInteractionURIs" : [
      "spotify:playlist:37i9dQZF1DX08mhnhv6g9b"
    ]
  },
  {
    "platform" : "DESKTOP",
    "searchTime" : "2021-03-18T13:50:29.132Z[UTC]",
    "searchQuery" : "gdragon",
    "searchInteractionURIs" : [
      "spotify:artist:30b9WulBM8sFuBo17nNq9c",
      "spotify:playlist:37i9dQZF1DWUoY6Ih7vsxr"
    ]
  },
  {
    "platform" : "DESKTOP",
    "searchTime" : "2021-03-18T13:51:57.115Z[UTC]",
    "searchQuery" : "this is bigbang",
    "searchInteractionURIs" : [
      "spotify:playlist:37i9dQZF1DWVw3oyaj4jsN"
    ]
  },
  {
    "platform" : "DESKTOP",
    "searchTime" : "2021-03-18T13:54:18.502Z[UTC]",
    "searchQuery" : "rain kpop",
    "searchInteractionURIs" : [
    ]
  },
  {
    "platform" : "DESKTOP",
    "searchTime" : "2021-03-18T13:54:42.945Z[UTC]",
    "searchQuery" : "block b",
    "searchInteractionURIs" : [
      "spotify:artist:4RnezwRV7VBJUCI1S0AE5u",
      "spotify:playlist:37i9dQZF1DZ06evO2QRFqc"
    ]
  },
  {
    "platform" : "DESKTOP",
    "searchTime" : "2021-03-18T13:54:57.056Z[UTC]",
    "searchQuery" : "block b rain",
    "searchInteractionURIs" : [
      "spotify:track:0kD0SspgD57VnKWJsrufFF"
    ]
  },
  {
    "platform" : "DESKTOP",
    "searchTime" : "2021-03-18T13:55:41.282Z[UTC]",
    "searchQuery" : "woodie go",
    "searchInteractionURIs" : [
      "spotify:artist:6iLGJqxVgxxWsJe5bW4dxt"
    ]
  },
  {
    "platform" : "DESKTOP",
    "searchTime" : "2021-03-18T13:56:03.602Z[UTC]",
    "searchQuery" : "jay ",
    "searchInteractionURIs" : [
      "",
      "spotify:playlist:37i9dQZF1DX2CLoLFwNFP1",
      "spotify:artist:4XDi67ZENZcbfKnvMnTYsI"
    ]
  },
  {
    "platform" : "DESKTOP",
    "searchTime" : "2021-03-18T13:58:13.988Z[UTC]",
    "searchQuery" : "block b ja",
    "searchInteractionURIs" : [
      "spotify:track:7oPrVJUlsNkXDeUDFS03Pv"
    ]
  },
  {
    "platform" : "DESKTOP",
    "searchTime" : "2021-03-18T13:58:40.956Z[UTC]",
    "searchQuery" : "jay par",
    "searchInteractionURIs" : [
      "spotify:artist:4XDi67ZENZcbfKnvMnTYsI"
    ]
  },
  {
    "platform" : "DESKTOP",
    "searchTime" : "2021-03-18T14:05:37.692Z[UTC]",
    "searchQuery" : "2ne1",
    "searchInteractionURIs" : [
      "spotify:playlist:37i9dQZF1DZ06evO0Jta80"
    ]
  },
  {
    "platform" : "DESKTOP",
    "searchTime" : "2021-03-18T14:06:32.059Z[UTC]",
    "searchQuery" : "woodie go",
    "searchInteractionURIs" : [
    ]
  },
  {
    "platform" : "DESKTOP",
    "searchTime" : "2021-03-18T14:06:55.481Z[UTC]",
    "searchQuery" : "kpop",
    "searchInteractionURIs" : [
      "spotify:playlist:3kwb1LyzCSsLLacppOJQc8"
    ]
  },
  {
    "platform" : "DESKTOP",
    "searchTime" : "2021-03-18T14:07:43.595Z[UTC]",
    "searchQuery" : "bts",
    "searchInteractionURIs" : [
      "spotify:playlist:37i9dQZF1DX0018ciYu6bM"
    ]
  },
  {
    "platform" : "DESKTOP",
    "searchTime" : "2021-03-18T14:15:42.171Z[UTC]",
    "searchQuery" : "ikon",
    "searchInteractionURIs" : [
      "spotify:playlist:37i9dQZF1DWYCAWH52fMdQ"
    ]
  },
  {
    "platform" : "DESKTOP",
    "searchTime" : "2021-03-18T14:16:16.647Z[UTC]",
    "searchQuery" : "hyuna",
    "searchInteractionURIs" : [
      "spotify:artist:3UwlejyX2b458azZ7eCnHb",
      "spotify:playlist:37i9dQZF1DWTQlAcQVKgKf"
    ]
  },
  {
    "platform" : "DESKTOP",
    "searchTime" : "2021-03-18T14:35:47.291Z[UTC]",
    "searchQuery" : "sch",
    "searchInteractionURIs" : [
      "spotify:artist:2kXKa3aAFngGz2P4GjG5w2"
    ]
  },
  {
    "platform" : "DESKTOP",
    "searchTime" : "2021-03-18T14:55:15.448Z[UTC]",
    "searchQuery" : "variét",
    "searchInteractionURIs" : [
      "spotify:artist:277w2NEE9NNy7MqZ6vUsL8",
      "spotify:playlist:35T9W6RmcQrM0DfA43cY1T"
    ]
  },
  {
    "platform" : "DESKTOP",
    "searchTime" : "2021-03-18T14:55:38.013Z[UTC]",
    "searchQuery" : "lac d",
    "searchInteractionURIs" : [
      "spotify:playlist:59HYPmFL4YrOCPsh4mRrFN"
    ]
  },
  {
    "platform" : "DESKTOP",
    "searchTime" : "2021-03-18T14:57:42.827Z[UTC]",
    "searchQuery" : "jul",
    "searchInteractionURIs" : [
      "spotify:artist:3IW7ScrzXmPvZhB27hmfgy",
      "spotify:playlist:37i9dQZF1DX6czFNCo3833",
      "spotify:artist:3IW7ScrzXmPvZhB27hmfgy"
    ]
  },
  {
    "platform" : "DESKTOP",
    "searchTime" : "2021-03-18T15:04:40.252Z[UTC]",
    "searchQuery" : "jul",
    "searchInteractionURIs" : [
      "spotify:artist:3IW7ScrzXmPvZhB27hmfgy"
    ]
  },
  {
    "platform" : "DESKTOP",
    "searchTime" : "2021-03-18T15:10:39.748Z[UTC]",
    "searchQuery" : "pong dance",
    "searchInteractionURIs" : [
      "spotify:track:0DBTrH6kBbF8CzNVcu5MQR"
    ]
  },
  {
    "platform" : "DESKTOP",
    "searchTime" : "2021-03-18T15:14:37.064Z[UTC]",
    "searchQuery" : "tarte à la m",
    "searchInteractionURIs" : [
      "spotify:playlist:30nbHWT3lohoQk0RIuxAnJ"
    ]
  },
  {
    "platform" : "DESKTOP",
    "searchTime" : "2021-03-18T15:26:32.779Z[UTC]",
    "searchQuery" : "b",
    "searchInteractionURIs" : [
    ]
  },
  {
    "platform" : "DESKTOP",
    "searchTime" : "2021-03-18T15:37:05.517Z[UTC]",
    "searchQuery" : "gnonmi ",
    "searchInteractionURIs" : [
      "spotify:track:01DaiVsT1zqhmzogYEbEN8"
    ]
  },
  {
    "platform" : "ANDROID_ARM",
    "searchTime" : "2021-03-18T19:53:13.542Z[UTC]",
    "searchQuery" : "sch",
    "searchInteractionURIs" : [
    ]
  },
  {
    "platform" : "ANDROID_ARM",
    "searchTime" : "2021-03-19T06:36:53.006Z[UTC]",
    "searchQuery" : "sch",
    "searchInteractionURIs" : [
      "spotify:artist:2kXKa3aAFngGz2P4GjG5w2"
    ]
  },
  {
    "platform" : "ANDROID_ARM",
    "searchTime" : "2021-03-19T11:58:11.506Z[UTC]",
    "searchQuery" : "h",
    "searchInteractionURIs" : [
      ""
    ]
  },
  {
    "platform" : "ANDROID_ARM",
    "searchTime" : "2021-03-19T11:58:13.666Z[UTC]",
    "searchQuery" : "sch",
    "searchInteractionURIs" : [
      "spotify:artist:2kXKa3aAFngGz2P4GjG5w2"
    ]
  },
  {
    "platform" : "DESKTOP",
    "searchTime" : "2021-03-19T13:51:49.519Z[UTC]",
    "searchQuery" : "mistersa",
    "searchInteractionURIs" : [
      "spotify:track:073WTDZkYHv8YdFdhVCEn1",
      "spotify:track:073WTDZkYHv8YdFdhVCEn1"
    ]
  },
  {
    "platform" : "ANDROID_ARM",
    "searchTime" : "2021-03-21T08:10:52.467Z[UTC]",
    "searchQuery" : "sch",
    "searchInteractionURIs" : [
      "spotify:artist:2kXKa3aAFngGz2P4GjG5w2"
    ]
  },
  {
    "platform" : "ANDROID_ARM",
    "searchTime" : "2021-03-21T13:35:01.198Z[UTC]",
    "searchQuery" : "rich",
    "searchInteractionURIs" : [
      "spotify:artist:1pPmIToKXyGdsCF6LmqLmI"
    ]
  },
  {
    "platform" : "ANDROID_ARM",
    "searchTime" : "2021-03-21T18:48:55.231Z[UTC]",
    "searchQuery" : "sch",
    "searchInteractionURIs" : [
      "spotify:artist:2kXKa3aAFngGz2P4GjG5w2"
    ]
  },
  {
    "platform" : "ANDROID_ARM",
    "searchTime" : "2021-03-22T08:42:58.915Z[UTC]",
    "searchQuery" : "sch",
    "searchInteractionURIs" : [
      "spotify:artist:2kXKa3aAFngGz2P4GjG5w2"
    ]
  },
  {
    "platform" : "ANDROID_ARM",
    "searchTime" : "2021-03-22T17:01:03.496Z[UTC]",
    "searchQuery" : "sch",
    "searchInteractionURIs" : [
    ]
  },
  {
    "platform" : "DESKTOP",
    "searchTime" : "2021-03-23T09:15:41.552Z[UTC]",
    "searchQuery" : "hwa",
    "searchInteractionURIs" : [
    ]
  },
  {
    "platform" : "DESKTOP",
    "searchTime" : "2021-03-23T10:00:56.423Z[UTC]",
    "searchQuery" : "tough c",
    "searchInteractionURIs" : [
      "spotify:track:6dZZ552YUtkuUFeVKbGLsx"
    ]
  },
  {
    "platform" : "DESKTOP",
    "searchTime" : "2021-03-23T10:01:07.953Z[UTC]",
    "searchQuery" : "jay park",
    "searchInteractionURIs" : [
      "spotify:artist:4XDi67ZENZcbfKnvMnTYsI"
    ]
  },
  {
    "platform" : "DESKTOP",
    "searchTime" : "2021-03-23T13:10:07.471Z[UTC]",
    "searchQuery" : "jay park",
    "searchInteractionURIs" : [
      "spotify:artist:4XDi67ZENZcbfKnvMnTYsI"
    ]
  },
  {
    "platform" : "DESKTOP",
    "searchTime" : "2021-03-24T15:47:51.719Z[UTC]",
    "searchQuery" : "bts",
    "searchInteractionURIs" : [
      "spotify:artist:3Nrfpe0tUJi4K4DXYWgMUX"
    ]
  },
  {
    "platform" : "DESKTOP",
    "searchTime" : "2021-03-25T12:41:20.754Z[UTC]",
    "searchQuery" : "sch",
    "searchInteractionURIs" : [
      "spotify:artist:2kXKa3aAFngGz2P4GjG5w2"
    ]
  },
  {
    "platform" : "ANDROID_ARM",
    "searchTime" : "2021-03-26T06:47:31.223Z[UTC]",
    "searchQuery" : "slai",
    "searchInteractionURIs" : [
      "spotify:artist:7y4UMLXo4Gz5NQbXE7v2Kt"
    ]
  },
  {
    "platform" : "ANDROID_ARM",
    "searchTime" : "2021-03-26T06:47:53.758Z[UTC]",
    "searchQuery" : "sc",
    "searchInteractionURIs" : [
      "spotify:artist:2kXKa3aAFngGz2P4GjG5w2"
    ]
  },
  {
    "platform" : "ANDROID_ARM",
    "searchTime" : "2021-03-26T07:02:19.214Z[UTC]",
    "searchQuery" : "chat",
    "searchInteractionURIs" : [
      "spotify:album:1L0CWMCgCAqe4IUNgVDCk6",
      "spotify:album:1L0CWMCgCAqe4IUNgVDCk6"
    ]
  },
  {
    "platform" : "ANDROID_ARM",
    "searchTime" : "2021-03-26T13:02:34.929Z[UTC]",
    "searchQuery" : "to",
    "searchInteractionURIs" : [
      ""
    ]
  },
  {
    "platform" : "ANDROID_ARM",
    "searchTime" : "2021-03-26T13:02:36.787Z[UTC]",
    "searchQuery" : "obo",
    "searchInteractionURIs" : [
      "spotify:artist:66Ok6bgC570sHkw08N20pZ"
    ]
  },
  {
    "platform" : "ANDROID_ARM",
    "searchTime" : "2021-03-26T13:06:33.191Z[UTC]",
    "searchQuery" : "blu",
    "searchInteractionURIs" : [
      "spotify:artist:3Fl1V19tmjt57oBdxXKAjJ"
    ]
  },
  {
    "platform" : "DESKTOP",
    "searchTime" : "2021-03-26T15:53:25.836Z[UTC]",
    "searchQuery" : "soju",
    "searchInteractionURIs" : [
      "spotify:track:1fRIaQ4nHZF5FybsAsqKZz"
    ]
  },
  {
    "platform" : "ANDROID_ARM",
    "searchTime" : "2021-03-26T18:39:23.673Z[UTC]",
    "searchQuery" : "sch",
    "searchInteractionURIs" : [
      "spotify:artist:2kXKa3aAFngGz2P4GjG5w2"
    ]
  },
  {
    "platform" : "ANDROID_ARM",
    "searchTime" : "2021-03-27T19:36:51.131Z[UTC]",
    "searchQuery" : "kaa",
    "searchInteractionURIs" : [
      "spotify:artist:1ntQKIMIgESKpKoNXVBvQg"
    ]
  }
]